,synonym,smiles,logP
0,"['Acetyl-DL-carnitine', 'DL-O-Acetylcarnitine', 'acetylcarnitine', 'Acetyl carnitine', 'DL-Acetylcarnitine', '3-(acetyloxy)-4-(trimethylazaniumyl)butanoate', 'Ammonium, (3-carboxy-2-hydroxypropyl)trimethyl-, hydroxide, inner salt, acetate, DL-', '870-77-9', '3-acetyloxy-4-(trimethylazaniumyl)butanoate', '14992-62-2', 'O-acetylcarnitine', '1-Propanaminium, 2-(acetoxy)-3-carboxy-N,N,N-trimethyl-, hydroxide, inner salt, (+-)- (9CI)', '1-Propanaminium, 2-(acetyloxy)-3-carboxy-N,N,N-trimethyl-, inner salt', 'Acetyllcarnitine', 'CAR(2:0)', 'bmse000142', 'SCHEMBL69781', 'DTXSID2048117', 'CHEBI:73024', 'AC1L1894', 'LMFA07070060', 'LS-17075', 'LS-173362', '3-(acetyloxy)-4-(trimethylammonio)butanoate', '1-Propanaminium, 2-(acetoxy)-3-carboxy-N,N,N-trimethyl-, hydroxide, inner salt, (+-)-']",CC(=O)OC(CC(=O)[O-])C[N+](C)(C)C,0.4
1,"['(2-acetyloxy-4-hydroxy-4-oxobutyl)-trimethylazanium', '1-Propanaminium, 2-(acetyloxy)-3-carboxy-N,N,N-trimethyl-, inner salt', 'ACMC-20ls4e', '1-Propanaminium, 2-(acetyloxy)-3-carboxy-N,N,N-trimethyl-, (2R)-', 'SCHEMBL3259109', 'CHEMBL1625375', 'RDHQFKQIGNGIED-UHFFFAOYSA-N', '89946-58-7', 'AC1L1897', 'ALBB-032444', 'AKOS024284761', 'MCULE-4252227019', 'AN-16201', 'ST079275', '3-Acetoxy-4-(trimethylaminio)butanoic acid', 'LS-187296', '(2-acetoxy-3-carboxy-propyl)-trimethyl-ammonium', '(3R)-3-acetyloxy-4-(trimethylamino)butanoic acid', '992A622']",CC(=O)OC(CC(=O)O)C[N+](C)(C)C,-0.3
2,"['5,6-dihydroxycyclohexa-1,3-diene-1-carboxylic acid', '100459-00-5', '2,3-dihydro-2,3-dihydroxybenzoic acid', '2,3-dihydroxy-2,3-dihydrobenzoic acid', '2,4-Cyclohexadiene-1-carboxylicacid, 1,6-dihydroxy-, (1R,6S)-rel-', 'AC1Q2APQ', 'ACMC-20c83v', 'SCHEMBL638361', '5,6-dihydroxy-1,3-cyclohexadiene-1-carboxylic acid', 'AC1L189A', 'CHEBI:15941', 'CTK3J8963', 'DTXSID30274252']",C1=CC(C(C(=C1)C(=O)O)O)O,-0.3
3,"['1-Aminopropan-2-ol', '1-AMINO-2-PROPANOL', '78-96-6', 'Isopropanolamine', 'Amino-2-propanol', 'Monoisopropanolamine', 'Threamine', '2-Propanol, 1-amino-', '2-Hydroxypropylamine', 'Mipa', '1-Methyl-2-aminoethanol', '2-Hydroxypropanamine', '2-Amino-1-methylethanol', 'DL-1-Amino-2-propanol', '1-Amino-2-hydroxypropane', '2-Hydroxy-1-propylamine', 'Mono-iso-propanolamine', 'alpha-Aminoisopropyl alcohol', '1-amino-propan-2-ol', '(+/-)-1-Amino-2-propanol', '(+/-)-Isopropanolamine', '.alpha.-Aminoisopropyl alcohol', 'CCRIS 2284', 'HSDB 5224', 'AI3-14653', 'NSC 3188', '(RS)-1-amino-2-propanol', 'MFCD00008139', 'beta-Aminoisopropanol', '(RS)-1-Amino-2-hydroxypropane', 'D-1-amino-2-propanol', 'D-1-aminopropan-2-ol', '2-Hydroxy-1-propanamine', 'EINECS 201-162-7', 'BRN 0605275', 'CHEBI:19030', 'HXKKHQJGJAFBHI-UHFFFAOYSA-N', 'DL-Isopropanolamine', '2-Propanol, 1-amino- (8CI,9CI)', '2-Propanol, 1-amino-, (.+/-.)-', 'UNII-UE40BY1BZW', '(R)-(-)-1-Aminopropan-2-ol', '2-Propanol, 1-amino-, (R)-', '2-Propanol, 1-amino-, (S)-', 'UE40BY1BZW', 'DL-1-Amino-2-propanol, 94%, contains approx. 5% 2-Amino-1-propanol', 'Aminopropan-2-ol', 'MIPA; Threamine', '1-amino-2 propanol', '3-amino-2-propanol', '3-aminopropan-2-ol', '2-hydroxy-propylamine', '2-hydroxypropyl-amine', '1-Aminoisopropylalcohol', '1-Aminopropanol-(2)', '2-Propanol,1-amino-', '1-amino-propane-2-ol', '1-Amin-iso-proylalcohol', 'AC1Q2BVJ', 'AC1Q2BVK', 'rac-1-amino-2-propanol', '2-hydroxy-1-aminopropane', 'DSSTox_CID_1764', 'ACMC-209h0d', 'ACMC-209h0e', 'Amino-2-propanol, 93%', 'bmse000305', 'EC 201-162-7', '(rac)-1-amino-2-propanol', 'racemic 1-amino-2-propanol', '1-amino-2(R,S)-propanol', 'ACMC-1BL70', 'DSSTox_RID_76313', 'WLN: Z1YQ1', 'DSSTox_GSID_21764', '(2rs)-1-amino-2-propanol', '1-amino-2-Hydroxypropanamine', '(+-)-1-amino-2-propanol', '4-04-00-01665 (Beilstein Handbook Reference)', '(2RS) 1-amino-2-propanol', '2-hydroxy-2-methyl-ethylamine', 'AC1L189D', 'AC1Q76O6', 'CHEMBL326602', 'DTXSID9021764', 'CTK5E6214', 'NSC3188', '(S)-(+)-1-Aminopropan-2-ol', '(.+/-.)-1-Amino-2-propanol', 'ACT02864', 'BCP08083', 'KS-00000VP6', 'NSC-3188', 'EINECS 220-532-9', 'EINECS 220-533-4', 'Tox21_301704', 'BBL027685', 'DL-1-Amino-2-propanol, >=90%', 'STL308732', 'AKOS000120495', 'AKOS016042334', 'AN-9372', 'CS-W016685', 'LS-1763', 'MCULE-6406041538', 'RL05047', 'RP18345', 'RTR-031946', 'TRA0087648', 'VC30042', 'CAS-78-96-6', 'TRA-0184192', 'NCGC00257540-01', '1674-56-2', 'AK-72977', 'AK-76466', 'AN-14800', 'AN-23971', 'SC-76913', '4CH-013416', 'A0406', 'A5357', 'A5358', 'AM20100779', 'FT-0625381', '( inverted exclamation markA)-Isopropanolamine', 'C05771', '(+/-)-1-Amino-2-propanol, analytical standard', '45041-EP2275404A1', '45041-EP2295411A1', '45041-EP2305647A1', '45041-EP2311818A1', '45041-EP2377847A1', '( inverted exclamation markA)-1-Amino-2-propanol', 'I04-0038', 'I05-0118', 'I05-0352', 'J-660020', 'F2190-0369', 'Z966690934', '(^+)-1-Amino-2-propanol, 94%, remainder 2-amino-1-propanol', '(+/-)-1-Amino-2-propanol, 94%, remainder 2-amino-1-propanol']",CC(CN)O,-1.0
4,"['3-Amino-2-oxopropyl phosphate', '3-amino-2-oxopropyl dihydrogen phosphate', '1-Amino-3-(phosphohydroxy)propan-2-one', '2-Propanone, 1-amino-3-(phosphonooxy)- (9CI)', '205189-34-0', 'C11638', 'AC1L189G', 'AC1Q6S75', 'CHEBI:1449', 'SCHEMBL1065797', 'CTK1A5485', 'DTXSID90274253', '2-propanone, 1-amino-3-(phosphonooxy)-', '(3-amino-2-oxopropyl) dihydrogen phosphate']",C(C(=O)COP(=O)(O)O)N,-5.0
5,"['1-chloro-2,4-dinitrobenzene', '2,4-Dinitrochlorobenzene', '97-00-7', 'Dinitrochlorobenzene', 'DNCB', 'Chlorodinitrobenzene', 'CDNB', '4-Chloro-1,3-dinitrobenzene', '2,4-Dinitrophenyl chloride', 'Benzene, 1-chloro-2,4-dinitro-', 'Dinitrochlorobenzol', '1,3-Dinitro-4-chlorobenzene', '2,4-Dinitro-1-chlorobenzene', '6-Chloro-1,3-dinitrobenzene', '1-Chloro-2,4-dinitrobenzol', 'ClDNB', 'DNPCl', '1-Chlor-2,4-dinitrobenzene', '1-Cloro-2,4-dinitrobenzene', '1-Chloor-2,4-dinitrobenzeen', 'Caswell No. 389C', 'UNII-GE3IBT7BMN', 'Dinitrochlorobenzene (VAN)', 'NSC 6292', '1-Chlor-2,4-dinitrobenzol', '1-chloro-2,4-dinitro-benzene', 'CCRIS 1799', 'CHEBI:34718', 'HSDB 5306', 'GE3IBT7BMN', 'EINECS 202-551-4', '2,4-dinitro chlorobenzene', 'C6H3ClN2O4', '1-Chloor-2,4-dinitrobenzeen [Dutch]', '1-Chloro-2,4-dinitrobenzeen [Dutch]', '1-Chloro-2,4-dinitrobenzol [German]', 'EPA Pesticide Chemical Code 055102', '1-Cloro-2,4-dinitrobenzene [Italian]', 'AI3-01053', 'NSC6292', 'VYZAHLCBVHPDDF-UHFFFAOYSA-N', 'MFCD00007075', 'DSSTox_CID_278', 'DSSTox_RID_75481', 'DSSTox_GSID_20278', '1-Chloro-2,4-dinitrobenzene, 99%', 'CAS-97-00-7', 'SMR000857169', '1-Chloro-2,4-dinitrobenzeen', '2,4-dinitrochlorbenzene', 'AC1Q5AMQ', 'WLN: WNR BG ENW', '2,4-dinitro-chlorobenzene', 'chloro-2,4-dinitrobenzene', 'Epitope ID:110163', 'EC 202-551-4', '2,4-dinitro-chloro-benzene', '2,4dinitro-1-chlorobenzene', 'SCHEMBL39251', '2,4 dinitro-1-chlorobenzene', '2-chloro-1,5-dinitrobenzene', 'MLS001332459', 'MLS001332460', 'ARONIS27043', 'BIDD:ER0694', 'ACMC-209s83', '1-chloro-2,4-dinitro benzene', 'AC1L189J', 'AC1Q1X44', 'CHEMBL292687', 'DTXSID6020278', 'CTK3I6861', 'HMS2233O04', 'BCP27853', 'KS-000048JI', 'NSC-6292', 'STR01511', 'ZINC1540301', 'Tox21_201956', 'Tox21_302802', 'ANW-40849', 'BBL009322', 'SBB060419', 'STK387094', '1-Chloro-2,4-dinitrobenzene, 97%', '4-chloro-1 pound not3-dinitrobenzene', 'AKOS000118946', '1 - Chloro - 2,4 - dinitrobenzene', '1-Chloro-2,4-dinitrobenzene, ~95%', 'DB11831', 'LS-2020', 'MCULE-9671248933', 'RP25961', 'RTR-032483', '1-Chloro-2,4-dinitrobenzene, >=99%', 'KS-000017P6', 'NCGC00164061-01', 'NCGC00164061-02', 'NCGC00164061-03', 'NCGC00256396-01', 'NCGC00259505-01', 'AN-24442', 'BC219412', 'CJ-24304', 'SC-46724', 'DB-057658', 'TR-032483', 'AM20050502', 'ST50826821', 'AZ0001-0018', 'B-1264', 'C14397', '1-Chloro-2,4-dinitrobenzene, technical grade, 95%', 'I01-2664', 'W-100123', '1-Chloro-2,4-dinitrobenzene 100 microg/mL in Methanol', '3-(3-hydroxy-2-methyl-4-oxo-1-pyridyl)propanoic acid', 'F1908-0126', 'InChI=1/C6H3ClN2O4/c7-5-2-1-4(8(10)11)3-6(5)9(12)13/h1-3']",C1=CC(=C(C=C1[N+](=O)[O-])[N+](=O)[O-])Cl,2.3
6,"['9-ethyl-9h-purin-6-amine', '2715-68-6', '9-Ethyladenine', '9H-Purin-6-amine,9-ethyl', 'N9-Ethyladenine', '9-ethylpurin-6-amine', '9H-Purin-6-amine, 9-ethyl-', '9-ethyl adenine', '9-Ethyl-9H-purin-6-ylamine', '9H-Purin-6-amine,9-ethyl-', 'CHEMBL304009', 'Adenine, 9-ethyl-', '9-Ethyl-9H-adenine', 'N9 -ethyladenine', 'NSC 14580', '6-Amino-9-ethylpurine', 'AC1Q4VHH', 'ACMC-1CJP6', '(9-ethylpurin-6-yl)amine', 'Adenine, 9-ethyl- (8CI)', 'AC1L189M', 'SCHEMBL1924594', 'CTK4F9170', 'DTXSID50181616', 'MUIPLRMGAXZWSQ-UHFFFAOYSA-N', 'ZINC402896', 'KS-000000ID', 'NSC14580', 'BDBM50009681', 'MFCD00037989', 'NSC-14580', 'AKOS012922847', 'TRA0055782', '9H-Purin-6-amine, 9-ethyl- (9CI)', 'AJ-21898', 'AK146250', 'AS-48885', 'CJ-03779', 'ST2406623', 'TX-018199', '4CH-018737', 'CS-0068117', '2EC']",CCN1C=NC2=C1N=CN=C2N,0.2
7,"['2,3-Dihydroxy-3-methylpentanoic acid', '562-43-6', '2,3-dihydroxy-3-methylvalerate', '2,3-dihydroxy-3-methylpentanoate', '4,5-dideoxy-3-c-methylpentonic acid', 'pentonic acid, 4,5-dideoxy-3-C-methyl-', '2,3-dihydroxy-3-methyl-pentanoic acid', 'valeric acid, 2,3-dihydroxy-3-methyl-', 'FA(6:0(OH2))', '2,3-Dihydroxy-3-Methyl-Valeric acid', 'alpha,beta-dihydroxy-beta-methylvaleric acid', 'AC1Q5SQ8', 'SCHEMBL42928', 'CHEBI:882', 'AC1L189P', '2,3-dihydroxy-3-methylvaleric acid', 'LMFA01050469', 'AKOS006376279', 'C04104']",CCC(C)(C(C(=O)O)O)O,-0.4
8,"['573-35-3', 'DL-Myoinositol-1-phosphate  2 CHA', '(2,3,4,5,6-pentahydroxycyclohexyl) dihydrogen phosphate', 'AC1Q6SH8', 'SCHEMBL113868', '2,3,4,5,6-pentahydroxycyclohexyldihydrogen-phosphat', 'AC1L189S', 'CHEMBL281435', 'CTK8H0748', 'D-MYO-INOSITOL-1-MONOPHOSPHATE DIPOTASSIUM SALT', 'Phosphoric acid 2,3,4,5,6-pentahydroxycyclohexyl ester']",C1(C(C(C(C(C1O)O)OP(=O)(O)O)O)O)O,-4.8
9,[],C1C(NC2=C(N1)NC(=NC2=O)N)CN(C=O)C3=CC=C(C=C3)C(=O)NC(CCC(=O)O)C(=O)O,-1.2
10,"['1,2-dichloroethane', 'Ethylene dichloride', '107-06-2', 'Ethylene chloride', 'Ethane, 1,2-dichloro-', 'Dichloroethylene', 'Dutch liquid', 'Dutch oil', 'Ethane dichloride', 'Glycol dichloride', 'Aethylenchlorid', 'Dichloro-1,2-ethane', 'Dichloremulsion', '1,2-Dichlorethane', 'Brocide', ""Bichlorure D'ethylene"", 'Borer sol', 'Di-chlor-mulsion', 'Freon 150', 'sym-Dichloroethane', 'alpha,beta-Dichloroethane', 'EDC (halocarbon)', '1,2-Ethylene dichloride', 'Destruxol borer-sol', '1,2-Bichloroethane', '1,2-DCE', 'Dichlor-Mulsion', '2-Dichloroethane', 'Ethyleendichloride', 'Cloruro di ethene', 'Rcra waste number U077', '1,2-Dicloroetano', ""Chlorure D'ethylene"", '1,2-Dichloorethaan', 'DCE', '1,2-Dichlor-aethan', '1, 2-dichloroethane', 'Caswell No. 440', 'EDC', 'Aethylenchlorid [German]', 'Aethylendichlorid', 's-Dichloroethane', 'HCC 150', 'NCI-C00511', 'RY Dichloro-1,2-ethane', 'Ethyleendichloride [Dutch]', '1,2-Ethylidene dichloride', 'Cloruro di ethene [Italian]', 'ENT 1,656', 'MFCD00000963', '1,2-Dichloorethaan [Dutch]', '1,2-Dichloraethan', '1,2-Dicloroetano [Italian]', 'CCRIS 225', ""Chlorure d'ethylene [French]"", 'HSDB 65', '1,2-Dichlor-aethan [German]', ""Bichlorure d'ethylene [French]"", 'Dichloro-1,2-ethane [French]', 'Ethylene dichloride [BSI:ISO]', 'ClCH2CH2Cl', 'UNII-55163IJI47', '1,2-Dichloro-Ethane', ""Dichlorure d'ethylene [ISO-French]"", 'EINECS 203-458-1', 'UN1184', 'RCRA waste no. U077', 'EPA Pesticide Chemical Code 042003', '.alpha.,.beta.-Dichloroethane', 'AI3-01656', 'CHEBI:27789', '1,2-DICHLOROETHANE, ACS', 'WSLDOOZREJYCGB-UHFFFAOYSA-N', '1,2-Dichlorethan', '55163IJI47', '1,2-Dichloroethane, 99+%, pure', '1,2-Dichloroethane, analytical standard', '1,2-Dichloroethane, 99+%, ACS reagent', '1,2 dichloroethane', ""Dichlorure d'ethylene"", '1,2-Dichloroethane, 99+%, for spectroscopy', 'Dichloroethane, 1,2-', '1,2-Dichloroethane, 99+%, for spectroscopy ACS', '1,2-Dichloroethane, 99.8%, Extra Dry, AcroSeal(R)', 'ethylenechloride', 'ethylendichloride', 'alpha,Bet', 'dichloro ethylene', 'ethylene-chloride', 'ethylenedichloride', '1,2-Dichloroethane, 99.5%, Extra Dry over Molecular Sieve, AcroSeal(R)', 'ethylene dichoride', '1,2dichlorethane', '1,2dichloroethane', 'ehtylene dichloride', 'Ethane, dichloro-', '1,2 dichlorethane', '1,2 dichoroethane', '1,2-dichloroetane', '1,2-dichloroethan', '1,2-dichoroethane', '1,2-dicloroethane', '1,2-dichioroethane', '1.2-dichloroethane', 'destruxol borer- sol', '1,2-dichloroetharie', '1 ,2-dichloroethane', '1, 2 dichloroethane', '1,2 -dichloroethane', '1,2 dichloro ethane', '1,2,-dichloroethane', '1,2- dichloroethane', '1,2-di-chloroethane', '1,2-dichloro ethane', '1.2-di-chloroethane', 'CH2ClCH2Cl', '1,2-ethylenedichloride', 'ClCH2-CH2Cl', 'dichloro-1, 2-ethane', 'C1CH2CH2Cl', 'ClCH2CH2C1', 'Dutch liquid, Dutch oil', 'EDC, JMAF', 'AC1Q3UNO', 'AC1Q3UNP', 'Cl(CH2)2Cl', 'DSSTox_CID_438', '12-DICHLOROETHANE', 'alpha, beta-dichloroethane', 'ACMC-1BV6R', 'bmse000568', 'EC 203-458-1', 'DSSTox_RID_75587', 'DSSTox_GSID_20438', 'KSC492S6F', 'CHEMBL16370', 'AC1L189Y', '1,2-Dichloroethane, for HPLC', 'Ethylene dichloride, BSI, ISO', 'DTXSID6020438', 'CTK3J2962', 'Dichloroethane Reagent Grade ACS', 'KS-00000UMQ', '1,2-Dichloroethane, ACS reagent', '1,2-Dichloroethane, HPLC Grade', 'ZINC8220695', 'Tox21_202466', '1,2-Dichloroethane, LR, >=99%', 'ANW-15475', 'LS-425', 'SBB040805', 'STL264187', 'AKOS000120021', 'DB03733', 'MCULE-3493741440', 'RL00304', 'RTR-001377', 'TRA0000074', 'UN 1184', '1,2-Dichloroethane, AR, >=99.5%', '1,2-Dichloroethane, anhydrous, 99.8%', 'NCGC00091763-01', 'NCGC00091763-02', 'NCGC00091763-03', 'NCGC00260015-01', 'AN-22463', 'CAS-107-06-2', 'SC-22798', '1,2-Dichloroethane, for HPLC, 99.8%', '1,2-Dichloroethane, 99.8+%, extra pure', '1,2-Dichloroethane, ACS reagent, >=99%', '1,2-Dichloroethane, ReagentPlus(R), 99%', 'TR-001377', '1,2-Dichloroethane, for HPLC, >=99.8%', '1,2-Dichloroethane, Spectrophotometric Grade', 'D0310', 'D0364', 'E0289', 'FT-0626325', 'R 150', 'ST50214371', '1,2-Dichloroethane 10 microg/mL in Methanol', 'InChI=1/C2H4Cl2/c3-1-2-4/h1-2H', '1,2-Dichloroethane 100 microg/mL in Methanol', '1,2-Dichloroethane, ACS reagent, >=99.0%', '7816-EP2269977A2', '7816-EP2269978A2', '7816-EP2269985A2', '7816-EP2269986A1', '7816-EP2269988A2', '7816-EP2269989A1', '7816-EP2269991A2', '7816-EP2269993A1', '7816-EP2269995A1', '7816-EP2270006A1', '7816-EP2270895A2', '7816-EP2272509A1', '7816-EP2272516A2', '7816-EP2272517A1', '7816-EP2272825A2', '7816-EP2272832A1', '7816-EP2272835A1', '7816-EP2275105A1', '7816-EP2275404A1', '7816-EP2275414A1', '7816-EP2275420A1', '7816-EP2275469A1', '7816-EP2277848A1', '7816-EP2277858A1', '7816-EP2277867A2', '7816-EP2277878A1', '7816-EP2278637A1', '7816-EP2280000A1', '7816-EP2280003A2', '7816-EP2280005A1', '7816-EP2280006A1', '7816-EP2280007A1', '7816-EP2280008A2', '7816-EP2280009A1', '7816-EP2281813A1', '7816-EP2284150A2', '7816-EP2284151A2', '7816-EP2284152A2', '7816-EP2284153A2', '7816-EP2284155A2', '7816-EP2284156A2', '7816-EP2284157A1', '7816-EP2284164A2', '7816-EP2284172A1', '7816-EP2284174A1', '7816-EP2286811A1', '7816-EP2287140A2', '7816-EP2287148A2', '7816-EP2287150A2', '7816-EP2287165A2', '7816-EP2287166A2', '7816-EP2287940A1', '7816-EP2289884A1', '7816-EP2289891A2', '7816-EP2289892A1', '7816-EP2289894A2', '7816-EP2289965A1', '7816-EP2292592A1', '7816-EP2292619A1', '7816-EP2292620A2', '7816-EP2292621A1', '7816-EP2295406A1', '7816-EP2295410A1', '7816-EP2295414A1', '7816-EP2295415A1', '7816-EP2295417A1', '7816-EP2295419A2', '7816-EP2295426A1', '7816-EP2295427A1', '7816-EP2295432A1', '7816-EP2295441A2', '7816-EP2298729A1', '7816-EP2298731A1', '7816-EP2298738A1', '7816-EP2298743A1', '7816-EP2298744A2', '7816-EP2298747A1', '7816-EP2298750A1', '7816-EP2298756A1', '7816-EP2298764A1', '7816-EP2298765A1', '7816-EP2298766A1', '7816-EP2298767A1', '7816-EP2298768A1', '7816-EP2298770A1', '7816-EP2298772A1', '7816-EP2298777A2', '7816-EP2298778A1', '7816-EP2298828A1', '7816-EP2299785A1', '7816-EP2301922A1', '7816-EP2301934A1', '7816-EP2301983A1', '7816-EP2305633A1', '7816-EP2305637A2', '7816-EP2305641A1', '7816-EP2305647A1', '7816-EP2305648A1', '7816-EP2305651A1', '7816-EP2305660A1', '7816-EP2305676A1', '7816-EP2305682A1', '7816-EP2305687A1', '7816-EP2305695A2', '7816-EP2305696A2', '7816-EP2305697A2', '7816-EP2305698A2', '7816-EP2306788A1', '7816-EP2306789A1', '7816-EP2308562A2', '7816-EP2308812A2', '7816-EP2308828A2', '7816-EP2308838A1', '7816-EP2308839A1', '7816-EP2308848A1', '7816-EP2308849A1', '7816-EP2308850A1', '7816-EP2308854A1', '7816-EP2308857A1', '7816-EP2308861A1', '7816-EP2308865A1', '7816-EP2308867A2', '7816-EP2308869A1', '7816-EP2308870A2', '7816-EP2308872A1', '7816-EP2308873A1', '7816-EP2308879A1', '7816-EP2308880A1', '7816-EP2308926A1', '7816-EP2309564A1', '7816-EP2311808A1', '7816-EP2311811A1', '7816-EP2311814A1', '7816-EP2311824A1', '7816-EP2311829A1', '7816-EP2314295A1', '7816-EP2314578A1', '7816-EP2314581A1', '7816-EP2314585A1', '7816-EP2314587A1', '7816-EP2314593A1', '7816-EP2316829A1', '7816-EP2316905A1', '7816-EP2316906A2', '7816-EP2371811A2', '7816-EP2374454A1', '7816-EP2380568A1', 'C06752', '1,2-Dichloroethane 1000 microg/mL in Methanol', '10084-EP2270004A1', '10084-EP2270005A1', '10084-EP2270009A1', '10084-EP2272509A1', '10084-EP2272517A1', '10084-EP2272537A2', '10084-EP2272825A2', '10084-EP2272838A1', '10084-EP2272839A1', '10084-EP2272840A1', '10084-EP2275105A1', '10084-EP2277865A1', '10084-EP2281563A1', '10084-EP2281818A1', '10084-EP2284172A1', '10084-EP2284174A1', '10084-EP2287153A1', '10084-EP2289890A1', '10084-EP2289894A2', '10084-EP2292628A2', '10084-EP2295402A2', '10084-EP2295410A1', '10084-EP2295412A1', '10084-EP2295413A1', '10084-EP2295432A1', '10084-EP2295439A1', '10084-EP2298312A1', '10084-EP2298743A1', '10084-EP2298744A2', '10084-EP2298752A1', '10084-EP2298770A1', '10084-EP2298776A1', '10084-EP2301536A1', '10084-EP2301538A1', '10084-EP2302382A2', '10084-EP2302383A2', '10084-EP2305250A1', '10084-EP2305643A1', '10084-EP2305647A1', '10084-EP2305648A1', '10084-EP2305660A1', '10084-EP2305682A1', '10084-EP2305808A1', '10084-EP2308844A2', '10084-EP2308845A2', '10084-EP2308846A2', '10084-EP2308851A1', '10084-EP2308861A1', '10084-EP2308879A1', '10084-EP2308880A1', '10084-EP2308960A1', '10084-EP2311455A1', '10084-EP2311808A1', '10084-EP2311825A1', '10084-EP2311829A1', '10084-EP2311840A1', '10084-EP2316470A2', '10084-EP2316831A1', '10084-EP2316835A1', '10084-EP2371811A2', '10084-EP2374791A1', '10084-EP2377849A2', '10662-EP2281821A1', '10662-EP2301544A1', '10662-EP2316452A1', '30216-EP2284169A1', '30216-EP2287161A1', '30216-EP2287162A1', '30216-EP2295424A1', '30216-EP2295429A1', '30216-EP2308874A1', '30216-EP2311464A1', '38093-EP2269978A2', '38093-EP2269985A2', '38093-EP2269991A2', '38093-EP2284150A2', '38093-EP2284151A2', '38093-EP2284152A2', '38093-EP2284153A2', '38093-EP2284155A2', '38093-EP2284156A2', '38093-EP2284164A2', '38093-EP2287140A2', '38093-EP2287148A2', '38093-EP2287150A2', '38093-EP2289871A1', '38093-EP2295419A2', '38093-EP2298776A1', '38093-EP2305637A2', '38093-EP2311796A1', '38093-EP2311797A1', '38093-EP2311798A1', '38093-EP2311799A1', '44969-EP2269977A2', '44969-EP2277848A1', '44969-EP2280006A1', '44969-EP2280008A2', '44969-EP2280012A2', '44969-EP2289894A2', '44969-EP2295410A1', '44969-EP2295414A1', '44969-EP2295426A1', '44969-EP2295427A1', '44969-EP2295432A1', '44969-EP2298743A1', '44969-EP2298770A1', '44969-EP2299785A1', '44969-EP2301922A1', '44969-EP2301939A1', '44969-EP2305648A1', '44969-EP2305679A1', '44969-EP2305682A1', '44969-EP2305695A2', '44969-EP2305696A2', '44969-EP2305697A2', '44969-EP2305698A2', '44969-EP2306788A1', '44969-EP2306789A1', '44969-EP2308867A2', '44969-EP2308870A2', '44969-EP2308879A1', '44969-EP2311818A1', '44969-EP2311825A1', '57205-EP2275422A1', '57205-EP2277868A1', '57205-EP2277869A1', '57205-EP2277870A1', '57205-EP2281861A2', '57205-EP2295422A2', '57205-EP2295436A1', '57205-EP2298749A1', '57205-EP2298769A1', '57205-EP2308878A2', '58409-EP2272825A2', '58409-EP2277875A2', '58409-EP2305682A1', '58409-EP2308879A1', '1,2-Dichloroethane, SAJ first grade, >=99.0%', '122783-EP2280009A1', '122783-EP2295053A1', '218668-EP2377610A2', '218668-EP2377611A2', '300059X', 'Ethylene dichloride [UN1184] [Flammable liquid]', '1,2-Dichloroethane, JIS special grade, >=99.5%', 'Ethylene dichloride [UN1184]  [Flammable liquid]', 'I14-7134', 'J-503815', '1,2-Dichloroethane, anhydrous, ZerO2(TM), 99.8%', '1,2-Dichloroethane, spectrophotometric grade, >=99%', 'UNII-9D6S017631 component WSLDOOZREJYCGB-UHFFFAOYSA-N', '1,2-Dichloroethane, 99.5%, for electronic use (MOS), residue free', '1,2-Dichloroethane, puriss., absolute, over molecular sieve (H2O <=0.005%), >=99.5% (GC)', '52399-93-6']",C(CCl)Cl,1.5
11,"['1,2,3,5-Benzenetetrol', '1,2,3,5-tetrahydroxybenzene', 'benzene-1,2,3,5-tetrol', '634-94-6', '5-hydroxypyrogallol', 'C03743', 'AC1Q79ZN', 'SCHEMBL67497', 'AC1L18A1', 'CHEBI:16746', 'DTXSID90212812', 'RDJUHLUBPADHNP-UHFFFAOYSA-N', 'AKOS006312269', 'A8823']",C1=C(C=C(C(=C1O)O)O)O,0.8
12,"['1,2,4-trichlorobenzene', '120-82-1', 'Benzene, 1,2,4-trichloro-', 'unsym-Trichlorobenzene', 'Hostetex L-pec', 'Trojchlorobenzen', '1,2,4-Trichlorbenzol', '1,2,4-Trichlorobenzol', '1,3,4-Trichlorobenzene', '1,2,5-Trichlorobenzene', 'as-trichlorobenzene', 'Trojchlorobenzen [Polish]', '1,2,4-trichloro-benzene', 'Trichlorobenzene A', 'NSC 406697', 'UNII-05IQ959M1N', 'CCRIS 5945', 'HSDB 1105', 'EINECS 204-428-0', '1,2,4-TCB', 'MFCD00000547', 'BRN 0956819', 'AI3-07775', 'CHEBI:28222', 'PBKONEOXTCPAFI-UHFFFAOYSA-N', '05IQ959M1N', '63697-18-7', 'DSSTox_CID_1965', 'DSSTox_RID_76431', 'DSSTox_GSID_21965', '1,2,4-Trichlorobenzene, 99%, pure', 'CAS-120-82-1', '1, 2, 4-Trichlorobenzene', 'Trichlorobenzol', 'Hipochem GM', '1,4-Trichlorobenzol', '1,4-Trichlorobenzene', 'Benzene,2,4-trichloro-', 'ACMC-1B7LJ', 'WLN: GR BG DG', '1,2, 4-Trichlorobenzene', 'bmse000841', 'UN 2321 (Related)', 'Benzene, 1,2,4-trichloro-, radical ion(1-)', 'EC 204-428-0', '2,4-dichlorophenyl chloride', 'SCHEMBL22730', 'ghl.PD_Mitscher_leg0.137', 'KSC356O4N', 'MLS001050173', 'BIDD:ER0328', 'AC1L18A4', 'AC1Q3M91', 'CHEMBL296348', 'DTXSID0021965', 'CTK2F6746', '124-TCB', 'ZINC388208', 'KS-00000V4L', 'Tox21_201311', 'Tox21_300563', 'ANW-17536', 'LS-638', 'NSC406697', 'SBB060225', 'STL481897', 'AKOS000120900', 'MCULE-2714956388', 'NE10031', 'NSC-406697', 'RP24261', 'RTR-032477', 'TRA0044002', 'NCGC00090833-01', 'NCGC00090833-02', 'NCGC00090833-03', 'NCGC00090833-04', 'NCGC00254336-01', 'NCGC00258863-01', 'AJ-20490', 'AN-43364', 'S697', 'SMR001216523', 'ZB011358', 'TR-032477', '1,2,4-Trichlorobenzene, anhydrous, >=99%', 'FT-0606251', 'ST50406605', '1,2,4-Trichlorobenzene, for HPLC, >=99%', '1,2,4-Trichlorobenzene, for synthesis, 99%', 'C06594', '1,2,4-Trichlorobenzene 100 microg/mL in Hexane', '1,2,4-Trichlorobenzene, ReagentPlus(R), >=99%', '1,2,4-Trichlorobenzene, Spectrophotometric Grade', 'Benzene,1,2,4-trichloro-,radical ion(1-)(9ci)', 'I01-4410', 'J-503791', '1,2,4-Trichlorobenzene 10 microg/mL in Cyclohexane', '1,2,4-Trichlorobenzene, UV HPLC spectroscopic, 99.5%', 'F0001-0333', 'Z1262395981', '1,2,4-Trichlorobenzene, PESTANAL(R), analytical standard', 'UNII-5K7N3LID79 component PBKONEOXTCPAFI-UHFFFAOYSA-N', 'InChI=1/C6H3Cl3/c7-4-1-2-5(8)6(9)3-4/h1-3', '1,2,4-Trichlorobenzene, certified reference material, TraceCERT(R)']",C1=CC(=C(C=C1Cl)Cl)Cl,4.0
13,"['AC1L18A7', '7-[3-hydroxy-5-oxo-2-(3-oxooct-1-enyl)cyclopentyl]heptanoic acid']",CCCCCC(=O)C=CC1C(CC(=O)C1CCCCCCC(=O)O)O,3.1
14,"['Anaprotin', '17-Hydroxyandrostan-3-one', '5.beta.-Dihydrotestosterone', '5.alpha.-Dihydrotestosterone', 'Etiocholan-17.beta.-ol-3-one', '17.beta.-Hydroxyetiocholan-3-one', '5a-Dihydrotestosterone', '5.beta.-Androstan-17.beta.-ol-3-one', '17-hydroxy-10,13-dimethyl-1,2,4,5,6,7,8,9,11,12,14,15,16,17-tetradecahydrocyclopenta[a]phenanthren-3-one', '5.beta.,17.beta.-Hydroxyandrostan-3-one', 'Androstan-17b-ol-3-one', '5.beta.-Androstan-3-one, 17.beta.-hydroxy-', '5B-DIHYDROTESTOSTERONE', 'AC1L18AA', 'Oprea1_456186', 'SCHEMBL9340073', 'NVKAWKQGWWIWPM-UHFFFAOYSA-N', 'NSC15460', 'NSC61692', 'ZX-AN024313', 'BBL028114', 'NSC-15460', 'NSC-61692', 'STK366316', 'AKOS002232213', 'AKOS016303784', 'MCULE-4205911962', '(5a,17b)-17-Hydroxyandrostan-3-one', 'NCGC00249620-01', 'AB00987792-01', 'I06-0170']",CC12CCC(=O)CC1CCC3C2CCC4(C3CCC4O)C,3.7
15,"['1,8-diazacyclotetradecane-2,9-dione', 'nylon cyclic dimer', '56403-09-9', 'UNII-LIJ968E05S', '6-Aminohexanoate Cyclic Dimer', 'Nylon-6 cyclic oligomer', '7,14-Diazacyclotetradecane-1,8-dione', 'LIJ968E05S', 'nylon 6 cyclic dimer', 'polyamide 6 cyclic dimer', 'AC1L18AD', 'AC1Q6GX7', 'CAS_16', 'NSC_16', '6-Aminohexanoate cyclic oligomer', 'BDBM81871', 'CHEBI:16968', 'CTK1H4309', '6-aminohexanoic acid cyclic dimer', 'DTXSID90204974', 'CHEBI:133923', 'HERSSAVMHCMYSQ-UHFFFAOYSA-N', 'ZINC3869184', '6-aminohexanoic acid cyclic oligomer', 'AKOS016027661', 'MCULE-9751173876', 'C04277', 'C20990']",C1CCC(=O)NCCCCCC(=O)NCC1,0.6
16,"['2,3-dihydropyridine-2,6-dicarboxylic acid', 'dihydrodipicolinate', '16052-12-3', '2,3-di-H-dipicolinate', 'AC1L18AG', 'AC1Q5QG5', '2,3-dihydrodipicolinic acid', 'SCHEMBL346874', 'CHEBI:48052', 'CTK0H6641', 'DTXSID50274254', 'UWOCFOFVIBZJGH-UHFFFAOYSA-N', '2,6-Pyridinedicarboxylicacid, 2,3-dihydro-', '2,6-Pyridinedicarboxylic acid, 2,3-dihydro-']",C1C=CC(=NC1C(=O)O)C(=O)O,-0.1
17,"['2,3-dioxo-L-gulonic', '2,3-dioxo-L-gulonate(1-)', 'AC1L18AJ', 'SCHEMBL13859611', '2,3-dioxo-L-Gulonic acid(1-)', '4,5,6-trihydroxy-2,3-dioxohexanoic acid']",C(C(C(C(=O)C(=O)C(=O)O)O)O)O,-1.8
18,"['2,3-Dihydroxybenzoic acid', '303-38-8', 'Pyrocatechuic acid', 'o-Pyrocatechuic acid', '2-Pyrocatechuic acid', '3-Hydroxysalicylic acid', 'DOBK', 'DHBA', 'Benzoic acid, 2,3-dihydroxy-', 'Resorcylic acid', 'Catecholcarboxylic acid', '2,3-Dihydroxybenzoicacid', '2,3 DHB', '2,3-DIHYDROXY-BENZOIC ACID', 'dihydroxybenzoic acid', 'Catechol-3-carboxylic acid', 'MFCD00002446', 'UNII-70D5FBB392', 'EINECS 206-139-5', 'NSC 27435', 'BRN 2209117', '27138-57-4', 'CHEBI:18026', 'GLDQAMYCGOIJDV-UHFFFAOYSA-N', 'o-Pyrocatechuic acid (6CI,8CI)', '2,3-Dihydroxybenzoic acid, 99%', '70D5FBB392', 'Benzoic acid, dihydroxy-', 'Pyrocatechuate', 'Hypogallic acid', 'o-Pyrocatechuate', '3-Carboxycatechol', 'Catecholcarboxylate', 'PubChem3119', '1l6m', '3tf6', '3u0d', 'ACMC-1CMFI', 'Spectrum2_001086', 'Spectrum3_001819', 'Benzoic acid,3-dihydroxy-', 'AC1L18AM', '2,3 Dihydroxy-benzoic acid', '2,3-Dihydroxybenzoate, IV', '3-Carboxybenzene-1,2-diol', 'CHEMBL1432', 'SCHEMBL37458', 'BSPBio_003437', '4-10-00-01414 (Beilstein Handbook Reference)', 'KSC223E3B', 'MLS001066375', 'Benzoicacid, 2,3-dihydroxy-', 'SPBio_001132', 'Pyrocatechol-3-carboxylic Acid', 'AC1Q72H6', 'Jsp005721', 'BDBM92456', 'CTK1C3230', 'KBio3_002940', 'KS-00000CEB', '2,3-DIHDROXYBENZOIC ACID', 'DTXSID70858712', 'HMS2231J14', 'HMS3369A12', 'KUC106698N', 'ZINC388166', 'ACN-S002780', 'ACT00443', 'HY-Y0202', 'NSC27435', 'ANW-26840', 'CCG-40337', 'NSC-27435', 'SBB008367', 'AKOS009156763', 'AC-2985', 'CS-W019844', 'DB01672', 'FR-1294', 'LS10681', 'MCULE-5691151631', 'PS-3013', 'RP21804', 'RTR-036418', 'SDCCGMLS-0066859.P001', 'TRA0067596', 'NCGC00178064-01', 'AJ-20465', 'AK-24541', 'AN-13440', 'BP-12659', 'BR-59530', 'KSC-11-207-9', 'LS-37057', 'SC-03276', 'SMR000471836', 'SY003494', 'AB0008295', 'DB-027090', 'ST2409044', 'TR-036418', 'FT-0609669', 'ST45028975', 'MFCD00002446 (98%)', 'C00196', 'M-3134', '303D388', 'SR-01000761414', 'I01-2754', 'Q-200170', 'SR-01000761414-2', 'Z1741977971', 'FF124556-A828-490B-B324-9AE859B695FA', 'InChI=1/C7H6O4/c8-5-3-1-2-4(6(5)9)7(10)11/h1-3,8-9H,(H,10,11']",C1=CC(=C(C(=C1)O)O)C(=O)O,1.2
19,"['3714-73-6', '3-(2,3-dihydroxyphenyl)propanoic acid', '2,3-Dhppa', '2,3-Dihydroxyphenylpropionic acid', 'Benzenepropanoic acid, 2,3-dihydroxy-', 'UNII-PUH669YNEK', '2,3-Dihydroxy-benzenepropanoic acid', 'PUH669YNEK', '2,3-Dihydroxyphenylpropanoate', '2,3-DHP', '2,3-dihyrroxybenzenepropanoic acid', 'EINECS 214-083-8', 'Benzenepropanoic acid,2,3-dihydroxy-', 'NSC 407275', 'NSC 624007', '3-(2,3-dihydroxyphenyl)propionic acid', '2,3-dihydroxy-beta-phenylpropionic acid', 'BRN 2213449', '3-Hydroxymelilotsaure', 'AC1Q5VWF', 'AC1L18AP', 'SCHEMBL244943', 'CHEBI:18136', 'CTK4H7809', 'ZINC901909', 'AKOS024162368', 'LS-77169', 'SC-51737', 'TX-011830', 'FT-0667093', 'Benzenepropanoic acid, 3,4-dihydroxy- (9CI)', 'C04044', '3-10-00-01517 (Beilstein Handbook Reference)']",C1=CC(=C(C(=C1)O)O)CCC(=O)O,1.0
20,"['Acetohydroxybutyrate', 'AAAHB', '2-Aceto-2-hydroxybutyrate', 'alpha-aceto-alpha-hydroxybutyrate', '2-Aceto-2-hydroxybutanoate', 'Butanoic acid, 2-ethyl-2-hydroxy-3-oxo-', '3142-65-2', '2-ethyl-2-hydroxy-3-oxobutanoic acid', '2-ethyl-2-hydroxy-3-oxo-butanoic acid', 'Acetohydroxybutyric acid', 'AC1L18AS', 'AC1Q5C5C', 'SCHEMBL42929', 'alpha-Acetohydroxybutyric acid', 'CHEBI:982', '2-Aceto-2-hydroxybutyric acid', 'CTK4G7119', 'LMFA01050501', 'AKOS006380539', '2-hydroxy-2-ethyl-3-keto-butanoic acid', 'Butanoic acid, 2-ethyl-2-hydroxy-3-oxo', 'Butanoic acid,2-ethyl-2-hydroxy-3-oxo-', 'C00659', 'Butanoic acid, 2-ethyl-2-hydroxy-3-oxo- (9CI)', 'butanoic acid, 2-ethyl-2-hydroxy-3-oxo-, (2S)-', 'Acetoacetic acid, 2-ethyl-2-hydroxy- (6CI,7CI,8CI)']",CCC(C(=O)C)(C(=O)O)O,-0.2
21,"['2-Acetolactate', '2-hydroxy-2-methyl-3-oxobutanoic acid', '918-44-5', 'alpha-acetyllactic acid', 'Acetolactic acid', '2-acetyllactic acid', 'AC1L18AV', 'AC1Q5CB8', 'SCHEMBL61227', 'BDBM82146', 'CHEBI:16444', 'CTK5H0557', 'LMFA01050472', 'AKOS006380884', 'Butanoic acid, 2-hydroxy-2-methyl-3-oxo-', 'FT-0612527', 'C00900', '2-HYDROXY-2-METHYL-3-OXO-BUTANOIC ACID']",CC(=O)C(C)(C(=O)O)O,-0.7
22,"['16597-58-3', '2-amino-3-(3-oxoprop-1-en-1-yl)but-2-enedioic acid', 'AC1L18AY', 'SCHEMBL188166', 'CTK4D2219', 'CTK7H7761', 'DTXSID10274255', '1-amino-4-formyl-1,3-butadiene-1,2-dicarboxylic acid', '2-Butenedioic acid,2-amino-3-(3-oxo-1-propen-1-yl)-']",C(=CC(=C(C(=O)O)N)C(=O)O)C=O,-0.5
23,"['AC1L18B1', 'CTK8A1428', '2-amino-5,6,7,8-tetrahydroxy-6-(1,2,3-trihydroxypropyl)-3,4a,7,8a-tetrahydropteridin-4-one', '2-amino-5,6,7,8-tetrahydroxy-6-(1,2,3-trihydroxypropyl)-4a,5,6,7,8,8a-hexahydropteridin-4(3h)-one']",C(C(C(C1(C(N(C2C(N1O)C(=O)NC(=N2)N)O)O)O)O)O)O,-4.5
24,[],C(C(C(C1C(N(C2=C(N1)C(=O)N=C(N2)N)O)O)O)O)O,-3.3
25,"['AC1L18B7', 'CTK7H5397', '1-(2-amino-7,8-dihydroxy-4-oxo-3,4,4a,7,8,8a-hexahydropteridin-6-yl)propane-1,2-dione', '1-(2-amino-7,8-dihydroxy-4-oxo-3,4a,7,8a-tetrahydropteridin-6-yl)propane-1,2-dione']",CC(=O)C(=O)C1=NC2C(N=C(NC2=O)N)N(C1O)O,-2.7
26,[],C(C(C(C1=NC2=C(NC(=NC2=O)N)N(C1O)O)O)O)OP(=O)(O)OP(=O)(O)OP(=O)(O)O,-6.9
27,"['2,4-Hexadienedioicacid, 2-amino-', '4548-99-6', '2-aminohexa-2,4-dienedioic acid', 'AC1L18BD', 'SCHEMBL28815', 'CTK1D5195', 'DTXSID70274256']",C(=CC(=O)O)C=C(C(=O)O)N,-0.3
28,"['3-oxoalanine', '2-Formylglycine', 'alpha-formylglycine', '2-amino-3-oxopropanoic acid', 'alanon', 'a-Formylglycine', 'C-formylglycine', '3-oxo-(9CI)-Alanine', '2-amino-3-oxo-Propanoate', 'AC1L18BG', '2-amino-3-oxopropionic acid', 'SCHEMBL25955', '2-amino-3-oxo-Propanoic acid', 'amino-(8CI)Malonaldehydic acid', 'CHEBI:17740', 'CTK7H7668']",C(=O)C(C(=O)O)N,-3.7
29,"['2,4-Hexadienoic acid, 2-amino-6-oxo-', '150994-59-5', 'ACMC-1CLTS', 'AC1L18BJ', 'SCHEMBL637960', 'CTK0B1579', '2-amino-6-oxohexa-2,4-dienoic acid']",C(=CC=O)C=C(C(=O)O)N,-0.3
30,"['2-C-Methylerythritol 4-phosphate', 'AC1L18BM', 'CTK8A1456', '2,3,4-trihydroxy-3-methylbutyl dihydrogen phosphate', '(2,3,4-trihydroxy-3-methylbutyl) dihydrogen phosphate']",CC(CO)(C(COP(=O)(O)O)O)O,-3.3
31,"['buta-1,3-diene-1,1,4-tricarboxylic acid', 'AC1L18BP', 'CTK5B0559']",C(=CC(=O)O)C=C(C(=O)O)C(=O)O,1.0
32,"['CHLOROACETALDEHYDE', '2-chloroacetaldehyde', '107-20-0', '2-Chloroethanal', 'Chloroethanal', 'Chloroaldehyde', 'Monochloroacetaldehyde', 'Acetaldehyde, chloro-', '2-Chloro-1-ethanal', 'Acetaldehyde, 2-chloro-', 'Chloroacetaldehyde monomer', 'RCRA waste number P023', 'Chloroacetalaldehyde', 'UNII-CF069F5D9C', 'CCRIS 856', 'CH2ClCHO', 'alpha-chloroacetaldehyde', 'HSDB 2521', 'EINECS 203-472-8', 'MFCD00006992', 'UN2232', 'RCRA waste no. P023', 'BRN 1071226', 'CF069F5D9C', 'CHEBI:27871', 'QSKPIOLLBIHNAC-UHFFFAOYSA-N', 'chloracetaldehyde', 'chloroactaldehyde', 'chloroacetoaldehyde', 'chloro acetaldehyde', 'chloro-acetaldehyde', 'ClCH2CHO', '2-Chloro-Acetaldehyde', 'chloroacetaldehyde (CAA)', 'DSSTox_CID_292', 'EC 203-472-8', 'AC1L18BS', 'AC1Q3TZ5', 'AC1Q3TZ6', 'DSSTox_RID_75492', 'DSSTox_GSID_20292', '4-01-00-03134 (Beilstein Handbook Reference)', 'CHEMBL506976', 'Jsp000644', 'DTXSID4020292', 'CTK0H6966', 'KS-000000EP', 'ZINC8220699', 'Tox21_301152', 'ANW-56409', 'LS-435', 'STL264246', 'AKOS000118948', '2-Chloroethanal [UN2232] [Poison]', 'MCULE-7307216184', 'RP18374', 'UN 2232', '2-Chloroethanal [UN2232]  [Poison]', 'NCGC00248308-01', 'NCGC00255050-01', 'BP-13328', 'CAS-107-20-0', 'CHLORO ACETALDEHYDE, 45% IN WATER', 'Chloroacetaldehyde solution, 40% in water', 'TR-001402', 'InChI=1/C2H3ClO/c3-1-2-4/h2H,1H', 'C06754', 'Chloroacetaldehyde solution 50% wt. % in H2O', 'Chloroacetaldehyde solution, ~50 wt. % in H2O', 'I14-1071', 'J-509000', 'F0001-0141', 'Chloroacetaldehyde solution, produced by Wacker Chemie AG, Burghausen, Germany, >=45.0% in H2O (density determination)']",C(C=O)Cl,0.3
33,"['2-chloroethanol', 'Ethylene chlorohydrin', 'Ethanol, 2-chloro-', '107-07-3', 'Glycol chlorohydrin', '2-Chloroethyl alcohol', 'Chloroethanol', 'Glycol monochlorohydrin', '2-Monochloroethanol', 'Ethylchlorohydrin', '2-Chlorethanol', '2-Chloro-1-ethanol', '2-Hydroxyethyl chloride', 'Glycomonochlorhydrin', 'beta-Chloroethyl alcohol', 'Ethylene chlorhydrin', 'Ethene, chlorohydrin', '2-Chloorethanol', '2-Chloraethanol', '2-Cloroetanolo', 'beta-Chloroethanol', 'Aethylenechlorhydrin', '2-Chloro-1-hydroxyethane', 'Glicol monocloridrina', 'Ethyleen-chloorhydrine', 'Glycolmonochloorhydrine', 'Ethylene glycol, chlorohydrin', 'beta-Hydroxyethyl chloride', 'delta-Chloroethanol', 'NCI-C50135', 'Z-Chloroethanol', '2-CHLORO-ETHANOL', '2-Chloorethanol [Dutch]', '2-Chlorethanol [German]', 'Monochlorhydrine du glycol', '2-Chloraethanol [German]', '2-Cloroetanolo [Italian]', 'Ethanol, chloro-', 'UNII-753N66IHAN', 'Aethylenechlorhydrin [German]', 'CCRIS 859', 'NSC 122289', 'Ethyleen-chloorhydrine [Dutch]', '.beta.-Chloroethanol', '2-chloroethan-1-ol', 'Glycolmonochloorhydrine [Dutch]', 'HSDB 426', 'Chloroethylowy alkohol [Polish]', 'Glicol monocloridrina [Italian]', 'Monochlorhydrine du glycol [French]', 'EINECS 203-459-7', 'MFCD00002829', 'UN1135', '.beta.-Chloroethyl alcohol', 'BRN 0878139', '.beta.-Hydroxyethyl chloride', 'AI3-52326', '753N66IHAN', 'CHEBI:28200', 'SZIFAVKTNFCBPC-UHFFFAOYSA-N', 'delta-Chloroethanolchloroethylowy alkohol [Polish]', '2-Chloroethanol (ethylene chlorohydrin)', '2-Chloroethanol, 99+%', 'Chloroethylowy alkohol', 'Ethylchlorhydrin', '2- Chloroethanol', '2-chloranylethanol', '2-Chloro Ethanol', 'ethylenechlorohydrin', 'ethylenechlorohydrine', 'glycomonochlorohydrin', 'ArgoGel&trade;-Cl', '2-choroethan-1-ol', 'ethylene chlorohydrine', 'delta-Chloroethanolchloroethylowy alkohol', '2-chloro-ethan-1-ol', 'CH2ClCH2OH', 'glycol monochlorohydri n', '2-Chloroethanol, 99%', '1-chloro-2-hydroxyethane', 'DSSTox_CID_1877', 'bmse000360', 'EC 203-459-7', 'AC1L18BV', 'WLN: Q2G', 'DSSTox_RID_76380', 'DSSTox_GSID_21877', '4-01-00-01372 (Beilstein Handbook Reference)', 'CHEMBL191244', 'DTXSID1021877', 'CTK0H6464', 'ACT07200', 'ZINC8220697', 'Tox21_300043', 'ArgoGel(TM)-Cl, 1 % cross-linked', 'BBL011477', 'LS-426', 'NSC122289', 'STL146589', 'AKOS000119040', 'MCULE-5139580173', 'NSC-122289', 'RP18382', 'UN 1135', 'NCGC00247890-01', 'NCGC00254022-01', 'AN-22464', 'CAS-107-07-3', '.delta.-Chloroethanolchloroethylowy alkohol', 'Ethylene chlorohydrin [UN1135] [Poison]', 'Ethylene chlorohydrin [UN1135]  [Poison]', 'FT-0611939', 'X4831', 'AZ0001-0066', '5788-EP2275417A2', '5788-EP2284162A2', '5788-EP2284163A2', '5788-EP2314295A1', '5788-EP2372017A1', 'C06753', '2-Chloroethanol, SAJ special grade, >=99.0%', 'InChI=1/C2H5ClO/c3-1-2-4/h4H,1-2H', 'A801572', '2-Chloroethanol, PESTANAL(R), analytical standard', '2-Chloroethanol, puriss. p.a., >=99.0% (GC)', 'I14-6282', 'J-509022', 'F1908-0073']",C(CCl)O,-0.1
34,"['(2-chloro-5-oxo-2,5-dihydrofuran-2-yl)acetic acid', '(2-chloro-5-oxo-2,5-dihydro-2-furyl)acetic acid', '2-chloro-2,5-dihydro-5-oxofuran-2-acetate', '5-Chloro-2,5-dihydro-2-oxofuran-5-acetate', 'AC1L18BY', 'CHEBI:17337', 'CTK7J1977', '2-(2-chloro-5-oxofuran-2-yl)acetic acid', '2,5-Dihydro-5-oxo-2-chlorofuran-2-acetic acid', '2-chloro-5-oxo-2,5-dihydro-2-furylacetic acid']",C1=CC(OC1=O)(CC(=O)O)Cl,0.3
35,"['3-isopropylmalic acid', '2-hydroxy-3-isopropylsuccinic acid', '16048-89-8', '2-hydroxy-3-(propan-2-yl)butanedioic acid', '3-carboxy-2-hydroxy-4-methylpentanoic acid', '2-hydroxy-3-propan-2-ylbutanedioic acid', 'SCHEMBL259033', 'AC1L18C1', 'CHEBI:35114', 'CTK0A9930', 'DTXSID30274257', 'AKOS014315646', 'DB04279', '3-Isopropylmalic acid, >=96.0% (GC)', 'Butanedioic acid, 2-hydroxy-3-(1-methylethyl)-']",CC(C)C(C(C(=O)O)O)C(=O)O,0.0
36,"['3-deoxyhex-2-ulosonic acid', 'AC1Q5BXE', 'AC1L18C4', 'SCHEMBL13176443', 'CTK8H2710', '4,5,6-trihydroxy-2-oxohexanoic acid']",C(C(C(CO)O)O)C(=O)C(=O)O,-2.3
37,"['2-dehydropantoate', 'ketopantoic acid', 'ketopantoate', '2-dehydropantoic acid', '4-hydroxy-3,3-dimethyl-2-oxobutanoic acid', '470-30-4', 'KPL', 'SCHEMBL392087', 'AC1L18C7', 'CHEBI:17094', 'CTK1D1836', 'DTXSID90274258', 'ZINC1532800', 'AKOS006377093', 'DB03795', 'Butanoic acid, 4-hydroxy-3,3-dimethyl-2-oxo-', 'C00966', 'alpha-keto-beta,beta-dimethyl-gamma-hydroxybutyric acid', '2-Dehydropantoic acid lithium salt, >=95.0% (HPLC)']",CC(C)(CO)C(=O)C(=O)O,-0.1
38,"['13031-04-4', '4,4-Dimethyldihydrofuran-2,3-dione', 'Dihydro-4,4-dimethyl-2,3-Furandione', '2-dehydropantolactone', 'ketopantolactone', 'Keto-pantoyllactone', 'Dihydro-4,4-dimethylfuran-2,3-dione', '2-dehydropantoyl lactone', '4,4-dimethyloxolane-2,3-dione', '4,4-Dimethyldihydro-2,3-furandione', '2,3-Furandione, dihydro-4,4-dimethyl-', '4,4-dimethyl-4,5-dihydrofuran-2,3-dione', 'HRTOQFBQOFIFEE-UHFFFAOYSA-N', 'AK-57357', 'EINECS 235-891-7', '2-oxopantoyl lactone', 'Dexpanthenol impurity D', 'AC1Q2CPR', 'AC1Q6HNN', 'AC1L18CA', 'SCHEMBL538500', '4,4-Dimethyl-2,3-furandione', 'CHEBI:18395', 'CTK4B6635', 'HRTOQFBQOFIFEE-UHFFFAOYSA-', 'DTXSID30156448', 'ZINC3869222', 'MFCD00012331', 'AKOS015905266', '4,4-dimethyltetrahydrofuran-2,3-dione', 'FCH1115513', '2,3-Furandione,dihydro-4,4-dimethyl-', '2-Oxo-3,3-dimethyl-gamma-butyrolactone', '4,4-Dimethyldihydro-2,3-furandione #', '4,4-dimethyl-tetrahydro-furan-2,3-dione', 'AJ-46315', 'DS-15458', 'QC-10806', 'SC-67142', '4,4-dimethyl-4,5-dihydro-2,3-furandione', 'AB0098266', 'AX8125018', 'DB-041958', '4CH-003414', 'Dihydro-4,4-dimethyl-2,3-furandione, 97%', 'FT-0636778', 'C01125', 'W-2045', 'C-49479', 'J-005785', 'S14-1437', 'InChI=1/C6H8O3/c1-6(2)3-9-5(8)4(6)7/h3H2,1-2H3']",CC1(COC(=O)C1=O)C,0.6
39,"['2-Deoxyhexopyranose', 'MLS002638629', '6-(hydroxymethyl)oxane-2,4,5-triol', 'Glucose, 2-deoxy-', '2-Deoxyhexose', '2-Deoxy-D-arabino-hexopyranose', 'Ba 2758', 'NSC 15193', 'NSC-18943', '2-Deoxy-arabinohexose', 'alpha-2-Deoxy-D-Glucose', 'AC1L18CD', 'AC1Q79QE', '2-Deoxy-D -galactopyranose', 'SCHEMBL148910', '2 DG', 'CHEMBL1880349', 'DTXSID50274259', 'PMMURAAUARKVCB-UHFFFAOYSA-N', 'HMS3371M03', 'NSC18943', 'AN-663', 'CD-095', 'VZ24481', 'NCGC00246766-01', 'SMR001548100', '6-(hydroxymethyl)tetrahydropyran-2,4,5-triol', 'A26275']",C1C(C(C(OC1O)CO)O)O,-1.6
40,"['1-Penten-3-one, 2-hydroxy-5-(methylthio)-1-(phosphonooxy)-', '629647-81-0', 'AC1L18CG', 'CTK2B0312', 'DTXSID60274260', '(2-hydroxy-5-methylsulfanyl-3-oxopent-1-enyl) dihydrogen phosphate']",CSCCC(=O)C(=COP(=O)(O)O)O,-1.0
41,"['2-hydroxy-6-oxonona-2,4-dienedioic acid', 'AC1L18CJ', 'CTK7G1422', '2-hydroxy-6-oxonona-2,4-diene-1,9-dioic acid']",C(CC(=O)O)C(=O)C=CC=C(C(=O)O)O,-0.4
42,"['2-hydroxyglutaric acid', '2-hydroxypentanedioic acid', '2-hydroxyglutarate', '2889-31-8', 'alpha-hydroxyglutarate', 'alpha-Hydroxyglutaric acid', '2-oxidanylpentanedioic acid', 'Pentanedioic acid, hydroxy-', 'Pentanedioic acid, 2-hydroxy-', '2-Hydroxyglutaric acid disodium salt', '2-hydroxypentandis', '143454-48-2', 'Glutaric acid, 2-hydroxy-', '2-Hydroxy-Pentanedioicacid', 'DL-2-Hydroxyglutaric', 'ACMC-1AQEZ', 'AC1Q5SSV', '2,3-Dideoxypentaric acid', 'AC1L18CM', 'SCHEMBL7509', '(+/-)-2-Hydroxyglutaric acid', 'CHEBI:17084', 'CTK0B4621', 'HWXBTNAVRSUOJR-UHFFFAOYSA-N', 'LMFA01050483', 'AKOS006373038', 'Pentanedioic acid, 2-hydroxy- (9CI)', 'TX-016442', 'DL-alpha-HYDROXY GLUTARIC ACID, Zn SALT', 'Glutaric acid, 2-hydroxy- (6CI,7CI,8CI)', 'A18581', 'C02630']",C(CC(=O)O)C(C(=O)O)O,-1.0
43,"['tartronate', 'hydroxypropanedioate', 'hydroxymalonate', 'Propanedioic acid,2-hydroxy-', 'hydroxymalonate(2-)', '2-hydroxypropanedioate', 'AC1L18CP', 'AC1Q22A6', 'CHEBI:17649', 'CTK5E8016', 'DB03680', 'ZB015268']",C(C(=O)[O-])(C(=O)[O-])O,0.2
44,"['Tartronic acid', '80-69-3', '2-Hydroxymalonic acid', 'Hydroxymalonic acid', '2-Hydroxypropanedioic acid', 'Tartronicacid', 'Propanedioic acid, hydroxy-', '2-Tartronic acid', 'hydroxypropanedioic acid', '2-hydroxymalonate', 'MALONIC ACID, HYDROXY-', 'hydroxymalonate', 'UNII-34T0025E0L', 'CHEBI:16513', 'MFCD00004237', 'CHEMBL1794676', 'Propanedioic acid, hydroxy- (9CI)', '34T0025E0L', 'Propanedioic acid,2-hydroxy-', 'C3H4O5', 'taTRonic acid', 'EINECS 201-301-1', 'hydroxy-malonic acid', 'NSC 36171', 'PubChem2066', 'Tartronic acid, 8CI', '4m6u', 'AC1L18CS', 'SCHEMBL15060', 'Tartronic acid, >=97.0%', 'DTXSID6075358', 'ROBFUDYVXSDBQM-UHFFFAOYSA-N', 'ZINC901335', 'ACT06783', 'NSC36171', 'BDBM50038354', 'FCH963765', 'NSC-36171', 'AKOS001115605', 'RP19351', 'TRA0035746', 'AK164493', 'AS-14777', 'M568', 'SC-70695', 'BB0295253', 'TR-031881', 'FT-0600419', 'C02287', '50416-EP2311809A1', 'C-33779', 'J-524313', 'F3F5D7E2-8FF8-4206-8F30-077B0F85979B']",C(C(=O)O)(C(=O)O)O,-1.1
45,"['AC1Q6RYN', 'AC1L18CV', 'CTK4F9324', '4,5-dihydroxy-2-oxo-6-phosphonooxyhexanoic acid', 'D-erythro-2-Hexulosonicacid, 3-deoxy-, 6-(dihydrogen phosphate)']",C(C(C(COP(=O)(O)O)O)O)C(=O)C(=O)O,-3.4
46,"['3-Methyl-2-oxovaleric acid', '3-Methyl-2-oxopentanoic acid', '1460-34-0', 'alpha-Keto-beta-methylvaleric acid', '2-Oxo-3-methylvalerate', 'ketoisoleucine', '2-oxoisoleucine', '2-oxo-3-methyl-n-valeric acid', '3-methyl-2-oxopentanoate', '3-Methyl-2-oxovaleric', 'alpha-keto-beta-methyl-n-valeric acid', '2-Oxo-3-methylpentanoic acid', '3-Ethyl-3-methylpyruvic acid', '3-methyl-2-oxo-pentanoic acid', 'alpha-oxo-beta-methylvaleric acid', 'JVQYSWDUAOAHFM-UHFFFAOYSA-N', '2-OXO-3-METHYLVALERIC ACID', 'alpha-oxo-beta-methyl-n-valeric acid', 'alpha-Keto-beta-methylvalerate', '39748-49-7', '3-Methyl-2-oxovalerate', '2-keto-3-methylvalerate', '2-oxo-3-methylpentanoate', 'alpha-Oxo-beta-methylvalerate', '3-methyl-2-oxopentans', '2-keto-3-methylvaleric acid', '(R)-3-Methyl-2-oxopentanoic acid', '2-oxokolavenate', '(1)-3-Methyl-2-oxovaleric acid', 'Pentanoic acid, 3-methyl-2-oxo-', 'EINECS 215-955-0', 'EINECS 254-616-1', 'a-Oxo-b-methylvalerate', 'a-Keto-b-methylvalerate', 'AC1Q5BWY', 'methyl ethyl pyruvic acid', '3-methyl-2-oxo-Valerate', 'ACMC-1BXT3', 'a-Oxo-b-methyl-n-valerate', 'a-Oxo-b-methylvaleric acid', '3-methyl-2-oxo-pentanoate', 'C03465', 'a-keto-b-Methyl-n-valerate', 'a-Keto-b-methylvaleric acid', 'AC1L18CY', '2-Oxo-3-methyl-n-valerate', 'SCHEMBL43232', '3-methyl-2-oxo-Valeric acid', '2-keto-3-methyl-valeric acid', 'a-Oxo-b-methyl-n-valeric acid', '(r)-3-methyl-2-oxopentanoate', 'a-keto-b-Methyl-n-valeric acid', 'Jsp002679', 'alpha-Oxo-beta-methyl-n-valerate', 'CHEBI:35932', 'CTK4C4788', 'Pentanoic acid,3-methyl-2-oxo-', '(3R)-3-Methyl-2-oxopentanoate', 'alpha-keto-beta-methyl-n-valerate', 'ANW-20983', 'MFCD00002582', 'AKOS006220526', '3-Methyl-2-oxopentanoic acid, AldrichCPR', 'HY-113063', 'TC-109728', 'CS-0059473', 'FT-0628729', 'FT-0703216', 'K0020', 'I04-1353', 'W-108131']",CCC(C)C(=O)C(=O)O,1.1
47,"['alpha-Ketoglutaramate', '2-oxoglutaramate', '2-keto-glutaramic acid', '18465-19-5', '2-Oxoglutaramic acid', '5-amino-2,5-dioxopentanoic acid', '2-Ketoglutaramate', 'Pentanoic acid, 5-amino-2,5-dioxo-', '2-keto-glutaramate', '4-carbamoyl-2-oxobutanoic acid', 'AC1L18D1', 'AC1Q5J84', 'SCHEMBL1062796', 'CHEBI:30882', 'CTK4D8776', 'DTXSID60171604', 'ZINC1532789', 'Pentanoic acid,5-amino-2,5-dioxo-', 'SC-48551', '5-AMINO-2,5-DIOXO-PENTANOIC ACID', 'C00940']",C(CC(=O)N)C(=O)C(=O)O,-1.5
48,"['3-Methyl-2-oxobutanoic acid', '759-05-7', '3-methyl-2-oxo-butanoic acid', 'alpha-Ketoisovalerate', 'alpha-Ketoisovaleric acid', '2-Ketoisovaleric acid', 'alpha-ketovaline', '2-oxoisovalerate', '3-Methyl-2-oxobutyric acid', 'Butanoic acid, 3-methyl-2-oxo-', '2-Oxoisovaleric acid', '2-ketovaline', '3-methyl-2-oxobutanoate', '2-keto-3-methylbutyric acid', '2-oxo-3-methylbutanoate', '2-oxoisopentanoate', 'alpha-oxoisovalerate', 'Dimethylpyruvic acid', 'a-ketoisovaleric acid', 'KETOVALINE', 'Isopropylglyoxylic acid', 'alpha-keto-isovaleric acid', '2-Oxo-3-methylbutanoic acid', 'UNII-34P71D50E0', 'alpha-Oxoisovaleric acid', '2-Oxo-3-methylbutyric acid', '3-methyl-2-oxo-Butyric acid', 'CHEMBL146554', 'CHEBI:16530', '34P71D50E0', '2-Ketoisovalerate', 'KIV', '3-Methyl-2-oxobuttersaeure', 'Dimethylpyruvate', 'a-Oxoisovalerate', 'a-Ketoisovalerate', 'Isopropylglyoxylate', '(RS)-3-Methyl-2-oxobuttersaeure', 'a-keto-Isovalerate', 'EINECS 212-065-4', 'a-Oxoisovaleric acid', 'Valine, 2-oxo-', 'dimethyl pyruvic acid', '2-Ketoisvaleric acid', 'a-keto-Isovaleric acid', 'a-Oxo-b-methylbutyrate', 'a-keto-b-Methylbutyrate', '2-Oxo-3-methylbutyrate', 'AC1Q5BWX', '2-keto-3-Methylbutyrate', '3-Methyl-2-oxobutinoate', '2-Oxo-3-methyl-butyrate', '3-methyl-2-oxo-Butyrate', '3-methyl-2-oxo-Butanoate', 'a-Oxo-b-methylbutyric acid', 'ACMC-209p0q', 'bmse000101', 'a-keto-b-Methylbutyric acid', 'SCHEMBL42329', '3-Methyl-2-oxobutinoic acid', 'alpha-Oxo-beta-methylbutyrate', '3-Methyl-2-oxo-butanoicAcid', 'alpha-keto-beta-Methylbutyrate', 'AC1L18D4', 'alpha-oxo-beta-methylbutyricacid', 'DTXSID6061078', 'CTK8B2283', 'KS-00000CGS', 'alpha-Oxo-beta-methylbutyric acid', 'alpha-keto-beta-Methylbutyric acid', 'ZINC1532553', 'ANW-36696', 'BDBM50390989', 'KM5680', 'LMFA01020274', 'MFCD00040427', 'AKOS006272906', 'CS-W006057', 'DB04074', 'DS-0555', 'HY-W006057', 'TRA0025874', 'AJ-26782', 'AK-82417', 'AN-22123', 'SC-27422', 'SY005235', 'DB-075036', 'TC-125441', '4CH-009440', 'ALPHA-KETOISOVALERIC ACID; KETOVALINE', 'FT-0616073', 'ST24028581', 'C00141', 'MFCD00040427 (95+%)', 'W-104383', '9131EA12-7229-4467-B548-60787FD0B557']",CC(C)C(=O)C(=O)O,0.7
49,"['2-keto-L-gluconate', '2-Oxogluconic acid', 'D-arabino-Hexulosonic acid', 'D-arabino-2-Hexulosonic acid', 'EINECS 211-574-9', '3,4,5,6-tetrahydroxy-2-oxohexanoic acid', '2-hexulosonic acid', '91548-32-2', 'Gluconic acid, 2-oxo-', '2-keto-D-gluconate', '2-Ketoidonate', '2-Ketogluconsaure', 'AC1Q5RGI', '3,4,5,6-TETRAHYDROXY-2-OXO-HEXANOIC ACID', 'AC1L18D7', 'SCHEMBL2903691', 'CHEBI:88378', 'CTK3I7835', 'NSC87544', 'CCG-40508', 'NSC-87544', 'LS-195277', 'C148B2AC-3424-4B69-892E-44B5D2F8C070']",C(C(C(C(C(=O)C(=O)O)O)O)O)O,-2.9
50,"['2-ketoglutaric acid', '2-Oxopentanedioic acid', '328-50-7', 'alpha-ketoglutaric acid', '2-oxoglutaric acid', '2-oxoglutarate', 'Oxoglutaric acid', 'alpha-ketoglutarate', '2-ketoglutarate', 'Alphaketoglutaric acid', 'alpha-Oxoglutaric acid', '2-Oxo-1,5-pentanedioic acid', 'Pentanedioic acid, 2-oxo-', 'alpha Ketoglutarate', 'Glutaric acid, alpha keto', 'Oxoglutarate', '2-Oxo-Glutaric Acid', 'Bis(L-arginin)-2-oxoglutarat', 'Pentanedioic acid, oxo-', 'Glutaric acid, 2-oxo-', 'a-ketoglutaric acid', 'alpha ketoglutaric acid', 'AI3-26938', 'MFCD00004165', 'NSC 17391', 'alpha-Ketoglutaric acid alpha', 'UNII-8ID597Z82X', 'Glutaric acid, 2-oxo- (8CI)', '2-oxo-pentanedioic acid', 'alpha-keto-Glutaric acid', 'NSC17391', '.alpha.-Oxoglutaric acid', 'EINECS 206-330-3', '.alpha.-Ketoglutaric acid', 'CHEMBL1686', 'CHEBI:30915', '17091-15-5', 'KPGXRSRHYNQIFN-UHFFFAOYSA-N', '8ID597Z82X', 'NSC-17391', '378-50-7', '2-oxopentanedionate', 'DSSTox_CID_13179', 'DSSTox_RID_79054', 'DSSTox_GSID_33179', 'Pentanedioic acid, 2-oxo-, sodium salt', 'Oxoglurate', 'Pentanedioic acid, 2-oxo-, sodium salt (1:?)', 'Ketoglutaric Acids', '2-Ketoglutaricacid', 'AKG', 'CAS-328-50-7', 'Oxoglurate [INN]', '997-43-3', 'alpha-Ketoglutaricum acidum', 'C5H6O5', '3ouj', '4nro', '4oct', '4qkd', '4usi', 'keto glutaric acid', 'alpha-oxo-glutaric acid', 'AC1Q5RHM', '22202-68-2', 'alpha-Oxopentanedioic acid', 'ACMC-1BMR3', '2-OXYGLUTARIC ACID', '2-Oxo-1,5-pentanedioate', 'bmse000064', 'bmse000801', 'bmse000937', 'AC1L18DA', 'SCHEMBL7400', 'NCIStruc1_001710', 'NCIStruc2_000215', '2-Ketoglutaric acid, 98%', 'KSC222O2D', 'Glutaric acid, .alpha.-keto-', 'GTPL3636', 'Jsp006044', 'DTXSID5033179', 'CTK1C2721', 'KS-00000CEL', 'EBD44199', 'NCI17391', 'Pentanedioic acid, 2-oxo- (9CI)', 'ZINC1532519', 'Tox21_110016', 'Tox21_200918', 'ANW-27470', 'BBL010614', 'BDBM50303766', 'CCG-37641', 'NCGC00013225', 'SBB056419', 'STK002174', 'AKOS000120908', 'CS-W014352', 'DB02926', 'DB03806', 'HY-W013636', 'MCULE-5148157449', 'MP-2190', 'RP21033', 'RTR-032306', 'TRA0076832', 'NCGC00013225-01', 'NCGC00013225-02', 'NCGC00013225-03', 'NCGC00013225-04', 'NCGC00013225-05', 'NCGC00013225-06', 'NCGC00090946-01', 'NCGC00090946-02', 'NCGC00258472-01', '34410-46-3', 'AJ-26772', 'AK-41634', 'alpha-Ketoglutaric acid, >=99.0% (T)', 'AN-23401', 'AS-12579', 'BC206209', 'BR-41634', 'NCI60_001411', 'SC-16448', 'SY004310', 'AB1011137', 'DB-048280', 'LS-183918', 'TR-032306', 'AM20090486', 'FT-0612734', 'K0005', 'ST24032496', 'ST45138045', 'C00026', '11044-EP2269610A2', '11044-EP2277848A1', '11044-EP2289510A1', '11044-EP2316457A1', '11044-EP2316458A1', '11044-EP2316825A1', '11044-EP2316826A1', '11044-EP2316827A1', '11044-EP2316828A1', 'AB00640269-03', 'MFCD00004165 (97+%)', 'I04-0237', 'alpha-Ketoglutaric acid, >=98.5% (NaOH, titration)', 'I14-33772', 'Z57127547', 'F2191-0182', '15118487-024F-412C-9995-24E8E6CA72EF', 'InChI=1/C5H6O5/c6-3(5(9)10)1-2-4(7)8/h1-2H2,(H,7,8)(H,9,10', '2OG', 'alpha-Ketoglutaric acid, BioReagent, suitable for cell culture, suitable for insect cell culture']",C(CC(=O)O)C(=O)C(=O)O,-0.9
51,"['AC1L18DD', 'CTK8J0026', '3-hydroxy-2-methyl-butanethioic acid S-[2-[3-[[4-[[(5-adenin-9-yl-4-hydroxy-3-phosphonooxy-tetrahydrofuran-2-yl)methoxy-hydroxy-phosphoryl]oxy-hydroxy-phosphoryl]oxy-2-hydroxy-3,3-dimethyl-butanoyl]amino]propanoylamino]ethyl] ester', 'S-[2-[3-[[4-[[[5-(6-aminopurin-9-yl)-4-hydroxy-3-phosphonooxyoxolan-2-yl]methoxy-hydroxyphosphoryl]oxy-hydroxyphosphoryl]oxy-2-hydroxy-3,3-dimethylbutanoyl]amino]propanoylamino]ethyl] 3-hydroxy-2-methylbutanethioate']",CC(C(C)O)C(=O)SCCNC(=O)CCNC(=O)C(C(C)(C)COP(=O)(O)OP(=O)(O)OCC1C(C(C(O1)N2C=NC3=C2N=CN=C3N)O)OP(=O)(O)O)O,-5.4
52,"['alphamethylacetoacetyl CoA', 'alpha-methylacetoacetyl-CoA', 'AC1L18DG', 'AC1Q5C9K', 'S-(2-methyl-3-oxobutanoate', 'SCHEMBL4368659', 'S-(2-methyl-3-oxobutanoic acid', 'alpha-methylacetoacetyl-Coenzyme A', 'S-(2-methyl-3-oxobutanoate) CoA', '9h-purin-6-amine, 9-[5-o-[hydroxy[[hydroxy[3-hydroxy-2,2-dimethyl-4-[[3-[[2-[(2-methyl-1,3-dioxobutyl)thio]ethyl]amino]-3-oxopropyl]amino]-4-oxobutoxy]phosphinyl]oxy]phosphinyl]-3-o-phosphonopentofuranosyl]-', 'S-(2-methyl-3-oxobutanoate) Coenzyme A', 'S-[2-[3-[[4-[[[5-(6-aminopurin-9-yl)-4-hydroxy-3-phosphonooxyoxolan-2-yl]methoxy-hydroxyphosphoryl]oxy-hydroxyphosphoryl]oxy-2-hydroxy-3,3-dimethylbutanoyl]amino]propanoylamino]ethyl] 2-methyl-3-oxobutanethioate']",CC(C(=O)C)C(=O)SCCNC(=O)CCNC(=O)C(C(C)(C)COP(=O)(O)OP(=O)(O)OCC1C(C(C(O1)N2C=NC3=C2N=CN=C3N)O)OP(=O)(O)O)O,-5.2
53,"['AC1L18DJ', 'SCHEMBL2935253', 'S-[2-[3-[[4-[[[5-(6-aminopurin-9-yl)-4-hydroxy-3-phosphonooxyoxolan-2-yl]methoxy-hydroxyphosphoryl]oxy-hydroxyphosphoryl]oxy-2-hydroxy-3,3-dimethylbutanoyl]amino]propanoylamino]ethyl] 2-methylbutanethioate']",CCC(C)C(=O)SCCNC(=O)CCNC(=O)C(C(C)(C)COP(=O)(O)OP(=O)(O)OCC1C(C(C(O1)N2C=NC3=C2N=CN=C3N)O)OP(=O)(O)O)O,-4.2
54,"['AC1L18DM', 'CTK5J8843', '3-(3,7,11,15,19,23,27,31-octamethyldotriaconta-2,6,10,14,18,22,26,30-octaen-1-yl)benzene-1,2-diol', '3-(3,7,11,15,19,23,27,31-octamethyldotriaconta-2,6,10,14,18,22,26,30-octaenyl)benzene-1,2-diol']",CC(=CCCC(=CCCC(=CCCC(=CCCC(=CCCC(=CCCC(=CCCC(=CCC1=C(C(=CC=C1)O)O)C)C)C)C)C)C)C)C,16.1
55,"['AC1L18DP', 'CTK6B2043', '2-(3,7,11,15,19,23,27-heptamethyldotriaconta-2,6,10,14,18,22,26,30-octaen-1-yl)-6-methoxyphenol', '2-(3,7,11,15,19,23,27-heptamethyldotriaconta-2,6,10,14,18,22,26,30-octaenyl)-6-methoxyphenol']",CC=CCCC(=CCCC(=CCCC(=CCCC(=CCCC(=CCCC(=CCCC(=CCC1=C(C(=CC=C1)OC)O)C)C)C)C)C)C)C,15.8
56,"['AC1L18DS', 'CTK5J8844', '2-(3,7,11,15,19,23,27,31-octamethyldotriaconta-2,6,10,14,18,22,26,30-octaen-1-yl)phenol', '2-(3,7,11,15,19,23,27,31-octamethyldotriaconta-2,6,10,14,18,22,26,30-octaenyl)phenol']",CC(=CCCC(=CCCC(=CCCC(=CCCC(=CCCC(=CCCC(=CCCC(=CCC1=CC=CC=C1O)C)C)C)C)C)C)C)C,16.6
57,"['2-oxobutanoic acid', '2-ketobutyric acid', '2-oxobutyric acid', '600-18-0', 'alpha-ketobutyric acid', 'BUTANOIC ACID, 2-OXO-', 'Ketobutyrate', '2-oxobutyrate', '3-Methylpyruvic acid', '2-oxobutanoate', 'Pyruvic acid, methyl-', 'Butyric acid, 2-oxo-', 'Formic acid, propionyl-', '2-Ketobutanoic acid', 'alpha-Oxo-n-butyric acid', 'alpha-oxobutyric acid', '3-methyl pyruvic acid', '2-Oxo-n-butyric acid', 'alpha-ketobutyrate', '2-oxo-butyrate', 'Propionylformic acid', '2-oxo-Butyric acid', '2-oxo-butanoic acid', 'alpha-Ketobutric acid', '2-keto-butyrate', 'alpha-Keto-n-butyric acid', 'UNII-B92RB6HY1A', 'FEMA No. 3723', '.alpha.-Ketobutric acid', '.alpha.-Oxobutyric acid', '.alpha.-Ketobutyric acid', 'NSC 60533', '.alpha.-Oxo-n-butyric acid', 'B92RB6HY1A', 'Butyric acid, 2-oxo- (8CI)', 'CHEBI:30831', 'Butanoic acid, 2-oxo- (9CI)', 'TYEYBOSBBBHJIV-UHFFFAOYSA-N', '2-Ketobutanoate', 'a-Ketobutyric acid', '2-oxobutans', '2KT', 'oxobutyric acid', 'a-Ketobutyrate', 'a-Oxobutyrate', 'propionyl-formate', '3-Methylpyruvate', '2-Oxo-Butanoate', 'a-Oxobutyric acid', 'a-Oxo-n-butyrate', 'a-keto-n-Butyrate', '2-Oxo-n-butyrate', 'methyl pyruvic acid', 'methyl-Pyruvic acid', 'EINECS 209-986-9', '.alpha.-Oxobutyrate', '2-keto-butyric acid', 'propionyl-formic acid', 'alpha-Oxo-n-butyrate', 'alpha-Keto-n-butyrate', 'a-Oxo-n-butyric acid', 'alpha-Oxobutanoic acid', 'a-keto-n-Butyric acid', '2-Oxobutanoic acid #', '4b5t', 'AC1Q2RLZ', 'ACMC-1AW4C', 'bmse000325', 'AC1L18DV', 'AC1Q5BX9', '2-Ketobutyric acid, 97%', 'SCHEMBL24128', '.alpha.-Keto-n-butyric acid', 'CHEMBL171246', 'alpha-KETOBUTYRIC ACID, Na', 'DTXSID9060524', 'CTK2F3752', '2-Oxobutyric acid, >=95%, FG', 'NSC60533', 'ZINC1532540', 'ANW-33412', 'CO0049', 'LMFA01060002', 'MFCD00004164', 'NSC-60533', 'AKOS005207091', '2-Oxobutyric acid, analytical standard', 'AM90224', 'CS-W007926', 'DB04553', 'HY-W007926', 'LS41883', 'MCULE-8360398438', 'RP18761', 'RTR-032105', 'TRA0060267', 'AJ-26779', 'AK-48379', 'AN-21589', 'DS-14641', 'SC-48634', 'AB1006162', 'DB-000166', 'ST2417146', 'TR-032105', '2-Oxobutyric acid, purum, >=97.0% (T)', 'FT-0612731', 'O0364', 'X3296', 'C00109', '35DB7B81-3F44-4D6F-9E8B-C0F8B751D3AD']",CCC(=O)C(=O)O,0.1
58,"['glycerate 2-phosphate', '2-phosphoglycerate', '2-phosphoglyceric acid', '2-P-glycerate', '2-P-D-glycerate', 'DL-2-Phosphoglycerate', '2-Phospho-DL-glyceric acid', '2553-59-5', 'Glyceric acid 2-phosphate', '3-hydroxy-2-phosphonooxypropanoic acid', '3-hydroxy-2-(phosphonooxy)propanoic acid', 'Glyceric acid-2-phosphate', 'D-2-phosphoglycerate', '2-phosphonato-D-glycerate', '2-phosphonato-D-glycerate(3-)', '2-P-glyceric acid', '2-phosphonato-D-glycerate trianion', '2-P-D-glyceric acid', 'AC1L18DY', 'SCHEMBL77985', '2-phosphonato-D-Glyceric acid', 'CHEBI:24344', '2-(dihydrogen phosphate)Glycerate', '3-Hydroxy-2-phosphonooxypropanoate', '2PG', '3443-57-0', '2-phosphonato-D-Glyceric acid(3-)', '(?)-2-O-Phosphono-L-glyceric acid', '2-(dihydrogen phosphate)Glyceric acid', '2-phosphonato-D-Glyceric acid trianion', 'FCH1217837', 'ACM23295923', 'Propanoic acid, 3-hydroxy-2-(phosphonooxy)', 'Propanoic acid, 3-hydroxy-2-(phosphonooxy)-', 'Glyceric acid, 2-(dihydrogen phosphate) (8CI)', 'Propanoic acid, 3-hydroxy-2-(phosphonooxy)- (9CI)', 'D60B5ED3-6117-4D39-B1A5-E346FCBBC78C', 'L-Glycerate2-phosphatedisodiumsalt,disodiuml-2-phosphoglycerate', '23295-92-3']",C(C(C(=O)O)OP(=O)(O)O)O,-2.6
59,"['AC1L18E1', '[[5-(4-amino-2-oxopyrimidin-1-yl)-3,4-dihydroxyoxolan-2-yl]methoxy-hydroxyphosphoryl] (2,4-dihydroxy-3-methyl-3-phosphonooxybutyl) hydrogen phosphate']",CC(CO)(C(COP(=O)(O)OP(=O)(O)OCC1C(C(C(O1)N2C=CC(=NC2=O)N)O)O)O)OP(=O)(O)O,-7.7
60,"['2,3-Bisphosphoglyceric acid', '2,3-Bisphosphoglycerate', '138-81-8', '2,3-diphosphoglycerate', '2,3-Diphosphoglyceric acid', '2,3-Dpg', '2,3-diphosphonooxypropanoic acid', '2,3-bis(phosphonooxy)propanoic acid', 'CHEBI:28907', 'Propanoic acid, 2,3-bis(phosphonooxy)-', '2,3-Diphospho-D-glyceric acid', 'Greenwald ester', 'Diphosphoglyceric acid', 'Glycerate 2,3-diphosphate', '14438-19-8', 'DG2', '2,3-BPG', 'D-Glyceric acid bis(dihydrogen phosphate)', 'Diphosphoglycerinsaure', '2,3-Bisphospho-glycerate', 'AC1Q6S5Q', 'SCHEMBL80335', 'Glyceric acid-2,3-diphosphate', 'AC1L18E4', 'CHEMBL144103', 'CTK4C1410', 'XOHUEYCVLUUEJJ-UHFFFAOYSA-N', 'Glyceric acid, diphosphate (6CI)', 'Propanoic acid,2,3-bis(phosphonooxy)-', 'Glyceric acid, bis(dihydrogen phosphate)', '2,3-Bis(dihydroxyphosphinyloxy)propionic acid', 'C03339', 'Glyceric acid, bis(dihydrogen phosphate) (8CI)', 'Propanoic acid, 2,3-bis(phosphonooxy)- (9CI)', 'Propanoic acid, 2,3-bis(phosphonooxy)-, (R)-', 'Glyceric acid, bis(dihydrogen phosphate), D- (8CI)', 'Propanoic acid, 2,3-bis(phosphonooxy)-, (2R)- (9CI)', 'D197673E-606F-4637-BB24-A390C435FB9F']",C(C(C(=O)O)OP(=O)(O)O)OP(=O)(O)O,-3.7
61,"['2,4,5-trichlorocyclohexa-2,5-dien-1-ol', '2,4,5-Trichloro-2,5-cyclohexadiene-1-ol', '1-Hydroxyl-2,4,5-trichloro-2,5-cyclohexadiene', 'AC1L18E7', 'CHEBI:28989', 'CTK6G6028', 'C06598']",C1=C(C(C=C(C1O)Cl)Cl)Cl,1.9
62,"['2,4-diaminopentanoic acid', '4-aminonorvaline', 'AC1L18EA', 'SCHEMBL60414', 'CHEBI:904', 'AC1Q5S41', 'CTK8H7791', 'AKOS006363069']",CC(CC(C(=O)O)N)N,-3.5
63,"['2,5-dichloro-2,5-cyclohexadiene-1,4-diol', '1,4-Dihydroxyl-2,5-dichloro-2,5-cyclohexadiene', 'AC1L18ED', '2,5-dichlorocyclohexa-2,5-diene-1,4-diol', '2,5-DDOL', 'SureCN2693689', '25-DDOL', 'SCHEMBL2693689', 'CHEBI:28975', 'CTK7J8189', 'c0543', '2,5-dichlorocyclohexa-2,5-dien-1,4-diol', 'C06599']",C1=C(C(C=C(C1O)Cl)O)Cl,0.6
64,"['2,5-dichlorohydroquinone', '824-69-1', '2,5-dichlorobenzene-1,4-diol', '1,4-Benzenediol, 2,5-dichloro-', '2,5-Dichloro-p-hydroquinone', 'Hydroquinone, 2,5-dichloro-', '2,5-Dichloro-p-benzohydroquinone', '2,5-DCHQ', '2,5-Dichloro-1,4-hydroquinone', '2,5-Dichloro-1,4-benzenediol', 'UNII-D489X4TQVD', '2,5-Dichloro-1,4-dihydroxybenzene', 'MFCD00041749', 'CCRIS 5677', '2,5-dichlorohydroquinol', '2,5-dichloro-p-quinol', 'EINECS 212-533-8', 'NSC 48667', 'D489X4TQVD', '1,4-dihydroxy-2,5-dichlorobenzene', '1,4-Dichloro-2,5-dihydroxybenzene', '2,4-hydroquinone', '2,4-dihydroxybenzene', 'AC1Q3LCW', 'Hydroquinone,5-dichloro-', 'bmse000661', 'AC1L18EG', 'SCHEMBL48305', 'DTXSID4061179', '2,5-Dichlorohydroquinone, 98%', 'CHEBI:27545', 'CTK9A5378', 'AYNPIRVEWMUJDE-UHFFFAOYSA-N', 'ZINC403237', 'NSC48667', '2750AC', 'NSC-48667', 'RW3423', 'STL301456', 'Hydroquinone, 2,5-dichloro- (8CI)', 'AKOS015889031', 'FCH1112896', 'MCULE-1033297128', 'QC-2163', 'VZ22728', 'AJ-21995', 'AK121893', 'ST094947', 'ZB013121', 'AX8017191', 'LS-188200', 'FT-0084760', 'FT-0610314', 'A21100', 'C06600', 'I01-17622']",C1=C(C(=CC(=C1Cl)O)Cl)O,2.7
65,"['2,5-dichlorophenol', '583-78-8', 'Phenol, 2,5-dichloro-', '2,5-DCP', '2,5-dichloro-phenol', 'UNII-3B11G9AKBA', '3,6-dichlorophenol', 'CCRIS 5903', 'HSDB 4287', 'NSC 6296', 'EINECS 209-520-4', 'BRN 1907692', '3B11G9AKBA', '2,5-Dichlorophenol, 98%', 'CHEBI:27929', 'RANCECPPZPIPNO-UHFFFAOYSA-N', 'MFCD00002174', 'DSSTox_CID_5003', 'DSSTox_RID_77621', 'DSSTox_GSID_25003', 'CAS-583-78-8', '2,5-Dichlorophenol 100 microg/mL in Methanol', 'PubChem3697', 'ACMC-1ARY1', 'bmse000673', 'EC 209-520-4', 'AC1L18EJ', 'AC1Q3OE4', 'AC1Q78CD', 'DICHLOROPHENOL-2,5', '4-06-00-00942 (Beilstein Handbook Reference)', 'BIDD:ER0560', 'SCHEMBL177878', 'CHEMBL1565192', 'DTXSID7025003', 'CTK3J0559', 'NSC6296', 'OTAVA-BB 1506103', 'LABOTEST-BB LTBB004366', 'ZINC388512', '2,5-DICHLOROPHENOL PESTANAL', 'KS-000001MR', 'NSC-6296', 'Tox21_201889', 'Tox21_303053', '2,5-DICHLO-1-HYDROXYBENZENE', 'ANW-32932', 'SBB061453', 'STL283946', 'AKOS000120929', '2,5-Dichlorophenol (ACD/Name 4.0)', '6-HYDROXY-1,4-DICHLOROBENZENE', 'AS02889', 'CS-W004071', 'LS-1409', 'MCULE-4265765893', 'NE10148', 'RP22563', 'RTR-020292', 'TRA0060770', '2,5-Dichlorophenol, analytical standard', '2,5-DICHLORO-1-HYDROXY-BENZENE', 'NCGC00091138-01', 'NCGC00091138-02', 'NCGC00091138-03', 'NCGC00257078-01', 'NCGC00259438-01', 'AC-10424', 'AJ-20662', 'AN-21495', 'S791', 'SC-81549', 'ZB011562', 'DB-053197', 'ST2403706', 'TR-020292', 'D0393', 'FT-0084960', 'FT-0610322', 'ST50824836', '2,5-Dichlorophenol 10 microg/mL in Methanol', 'C06602', '2,5-Dichlorophenol, purum, >=98.0% (HPLC)', 'W-105392', '2,5-Dichlorophenol, PESTANAL(R), analytical standard', 'F0001-1524', 'UNII-AZ1041M258 component RANCECPPZPIPNO-UHFFFAOYSA-N', 'UNII-GP679I31BO component RANCECPPZPIPNO-UHFFFAOYSA-N', 'InChI=1/C6H4Cl2O/c7-4-1-2-5(8)6(9)3-4/h1-3,9']",C1=CC(=C(C=C1Cl)O)Cl,3.1
66,"['hexo-2,5-diulosonic acid', '2,5-Diketogluconsaure', 'AC1Q5HJP', 'AC1L18EM', '3,4,6-trihydroxy-2,5-dioxohexanoic acid']",C(C(=O)C(C(C(=O)C(=O)O)O)O)O,-2.5
67,"['141816-32-2', 'Mbtcpp', '1,3,5,2,4-Trioxadiphosphocane-6-methanol,2,4,7-trihydroxy-6-methyl-, 2,4-dioxide', '2-C-Methyl-D-erythritol-2,4-cyclopyrophosphate', 'ACMC-20c9zk', 'AC1Q6TCN', 'AC1L18EP', '2-Methyl-butan-1,2,3,4-tetraol-2,4-cyclopyrophosphate', 'CTK4C2812', '2,4,7-Trihydroxy-6-methyl-1,3,5,2,4-trioxadiphosphene-6-methanol 2,4-dioxide', '6-(hydroxymethyl)-6-methyl-1,3,5,2,4-trioxadiphosphocane-2,4,7-triol 2,4-dioxide', '2,4-dihydroxy-6-(hydroxymethyl)-6-methyl-2,4-dioxo-1,3,5,2', '1,3,5,2,4-Trioxadiphosphene-6-methanol, 2,4,7-trihydroxy-6-methyl-, 2,4-dioxide']",CC1(C(COP(=O)(OP(=O)(O1)O)O)O)CO,-2.8
68,"['2-hydroxy-6-oxohepta-2,4-dienoic acid', '7244-95-3', 'AC1L18ES', 'CHEBI:90886', 'CTK2H7451', '2-hydroxy-6-oxo-hepta-2,4-dienoic acid']",CC(=O)C=CC=C(C(=O)O)O,0.2
69,"['4-methyl-2-oxopentanoic acid', '4-Methyl-2-oxovaleric acid', '816-66-0', 'alpha-Ketoisocaproic acid', 'Ketoleucine', 'alpha-ketoisocaproate', '2-OXO-4-METHYLPENTANOIC ACID', 'Pentanoic acid, 4-methyl-2-oxo-', '2-Oxoisocaproate', '2-Oxoisohexanoate', '4-methyl-2-oxopentanoate', 'alpha-oxoisocaproate', '.alpha.-Ketoisocaproic acid', 'alpha-Oxoisohexanoate', '2-Oxoisocaproic acid', 'ketoisocaproate', '4-methyl-2-oxo-pentanoic acid', 'UNII-4GUJ8AH400', '2-KETOISOCAPROIC ACID', 'Isopropylpyruvic acid', 'a-Ketoisocaproic acid', '2-ketoisocaproate', '2-oxo-4-methylpentanoate', '2-Keto-4-methylpentanoic acid', '4GUJ8AH400', 'CHEMBL445647', 'CHEBI:48430', 'BKAJNAXTPSGJCU-UHFFFAOYSA-N', 'MFCD00066204', '2-keto-4-methyl-pentanoate', 'COI', '4-methyl-2-oxopentans', '2-keto-4-Methylvalerate', 'alpha-keto-isocaproic acid', '2-Oxo-4-methylvaleric acid', 'oxoisocaproate', 'a-Oxoisocaproate', 'Methyloxovalerate', 'a-Ketoisocaproate', '2-Oxoleucine', 'oxoisocaproic acid', 'a-Ketoisocapronate', 'ketoisocaproic acid', 'EINECS 212-435-5', 'a-Oxoisocaproic acid', 'alpha-Ketoisocapronate', 'alpha-keto-isocaproate', 'a-Ketoisocapronic acid', '4h7q', 'alpha-Oxoisocaproic acid', '2-Oxo-4-methylvalerate', 'AC1Q5BXB', 'alpha-Ketoisocapronic acid', '4-methyl-2-oxo-Valerate', '4-Methyl-2-oxovalericAcid', 'ACMC-209pm0', 'bmse000383', 'AC1L18EV', '2K-4CH3-PENTANOATE', 'SCHEMBL43491', '2-keto-4-Methylvaleric acid', '4-methyl,2-oxopentanoic acid', '4-methyl-2-oxo-Valeric acid', '4-methyl-2-oxo pentanoic acid', 'GTPL4656', 'DTXSID6061157', '4-Methyl-2-oxopentanoic acid #', 'CTK3I9720', 'ZINC1532578', 'ANW-37462', 'BDBM50390988', 'AKOS009157216', 'CS-W013438', 'DB03229', 'HY-W012722', 'MCULE-4155006996', 'RTR-032363', 'TRA0100462', 'VZ20257', 'KS-000014Q6', 'NCGC00246997-01', 'NCGC00246997-02', 'AC-15579', 'AJ-26786', 'AN-22164', 'SC-13856', 'DB-056548', 'TR-032363', 'FT-0619014', 'K0025', 'ST51015029', '4-Methyl-2-oxovaleric acid, >=98.0% (T)', 'C00233', '816K660', 'W-104201', 'I14-13718', 'FC872D44-3E9A-431D-9F84-6FEF64BFEF19']",CC(C)CC(=O)C(=O)O,0.9
70,"['2-Oxoadipic acid', '2-Oxohexanedioic acid', 'alpha-Ketoadipic acid', '2-oxoadipate', '3184-35-8', 'Oxoadipic acid', '2-Oxo-hexanedioic acid', '2-ketoadipate', '2-Ketoadipic acid', 'alpha-Oxoadipic acid', 'a-oxoadipic acid', 'Hexanedioic acid, 2-oxo-', '2-keto-adipate', 'UNII-BB72FKL1M2', '2-oxohexanedionic acid', 'BB72FKL1M2', 'FGSBNBBHOZHUBO-UHFFFAOYSA-N', 'alpha-ketoadipate', '2-oxohexanedioate', 'Oxoadipate', 'a-Ketoadipate', 'a-Oxoadipate', 'alpha-ketodipate', 'alpha-Oxoadipate', 'a-Ketoadipic acid', '2-Oxo-hexanedioate', 'OOG', 'alpha-keto-adipic acid', '.alpha.-Ketoadipic acid', 'AC1Q5BXN', '2-Oxohexanedioic acid #', 'AC1L18EY', 'SCHEMBL27768', 'GTPL4657', 'CHEBI:15753', 'FGSBNBBHOZHUBO-UHFFFAOYSA-', 'DTXSID20185702', 'ZINC1532613', 'LMFA01170121', 'AKOS006230506', 'ACM3184358', '2-Oxoadipic acid, >=95.0% (HPLC)', 'HY-113227', 'CS-0059355', 'Hexanedioic acid, 2-oxo- (7CI,8CI,9CI)', 'C00322', 'InChI=1/C6H8O5/c7-4(6(10)11)2-1-3-5(8)9/h1-3H2,(H,8,9)(H,10,11)']",C(CC(=O)C(=O)O)CC(=O)O,-0.5
71,"['3,4-DIHYDROXYBENZOIC ACID', 'protocatechuic acid', '99-50-3', '4-Carboxy-1,2-dihydroxybenzene', 'Protocatehuic acid', 'protocatechuate', 'Benzoic acid, 3,4-dihydroxy-', '4,5-Dihydroxybenzoic acid', '3,4-Dihydroxybenzoicacid', 'UNII-36R5QJ8L4B', 'MFCD00002509', 'CCRIS 6291', 'EINECS 202-760-0', 'NSC 16631', '3, 4-Dihydroxybenzoic acid', 'BRN 1448841', 'CHEMBL37537', 'MLS000737807', '36R5QJ8L4B', 'CHEBI:36062', 'YQUVCSBJEUQKSH-UHFFFAOYSA-N', '1ykp', '3,4-dihydroxybenzoic acid (protocatechuic acid)', 'Protocatechuic acid polymer', 'Catechol-4-carboxylic Acid', '3,4-Dihydroxybenzoic acid, 97%', 'NSC16631', '3,4-dihydroxybenzoes', 'Benzoic acid, 3,4-dihydroxy- (9CI)', 'DB03946', 'SMR000528167', '3,4-Dihydroxy Benzoic Acid', 'C00230', 'D-3487', 'b-Resorcylate', 'beta-Resorcylate', '4fht', 'protocatechuic-acid', 'Protacatechuic Acid', 'cid_72', 'ACMC-209scu', 'AC1Q5TRL', 'Protocatechuic Acid,(S)', 'DSSTox_CID_1212', 'Protocatechuic acid (M1)', 'bmse000328', '3,4-dihydroxy-benzoic acid', 'DSSTox_RID_76012', 'DSSTox_GSID_21212', 'SCHEMBL39435', 'KSC486M3D', '3,4-Dihydroxybenzoate, VIII', 'Pyrocatechol-4-carboxylic Acid', 'AC1L18F1', 'AC1Q732Z', 'DTXSID4021212', 'CTK3I6631', 'KS-00000COI', 'ZINC13246', 'HMS2270A17', 'KUC104409N', 'ACN-S002778', 'ACT07872', 'HY-N0294', 'Tox21_200167', 'ANW-41020', 'BBL012232', 'BDBM50100861', 'CP0105', 'NSC-16631', 'SBB061371', 'STL163570', 'AKOS000119632', 'AC-9617', 'CCG-207950', 'CS-6092', 'KSC-10-128', 'LS-7685', 'MCULE-8964889860', 'RP21802', 'RTR-032902', 'TRA0078616', 'CAS-99-50-3', 'Oxidative polymer of protocatechuic acid', 'NCGC00246757-01', 'NCGC00246757-02', 'NCGC00257721-01', 'AJ-08357', 'AK-47644', 'AS-10808', 'BR-47644', 'SC-46684', 'SY014104', 'AB0008267', 'AB1002236', 'DB-021903', 'ST2417248', 'TR-032902', 'AM20060767', 'FT-0600028', 'N2466', 'ST50824448', '3,4-Dihydroxybenzoic acid, >=97.0% (T)', '3,4-Dihydroxybenzoic acid, analytical standard', 'M-3133', 'MFCD00002509 (97+%)', '002D509', 'AE-562/40524392', 'I01-2896', '976C8CCE-B25D-4E0A-9A6F-3CEEA7A6964F', '3,4-Dihydroxybenzoic acid, Vetec(TM) reagent grade, 97%', 'Protocatechuic acid, primary pharmaceutical reference standard', 'Protocatechuic acid, United States Pharmacopeia (USP) Reference Standard', 'InChI=1/C7H6O4/c8-5-2-1-4(7(10)11)3-6(5)9/h1-3,8-9H,(H,10,11']",C1=CC(=C(C=C1C(=O)O)O)O,1.1
72,"[""adenosine-3',5'-bisphosphate"", 'AC1L18F4', 'CHEMBL416789', 'SCHEMBL15498428', 'CTK8G5038', 'BDBM50062279', '[5-(6-aminopurin-9-yl)-4-hydroxy-2-(phosphonooxymethyl)oxolan-3-yl] dihydrogen phosphate', 'Phosphoric acid mono-[5-(6-amino-purin-9-yl)-4-hydroxy-2-phosphonooxymethyl-tetrahydro-furan-3-yl] ester']",C1=NC2=C(C(=N1)N)N=CN2C3C(C(C(O3)COP(=O)(O)O)OP(=O)(O)O)O,-4.6
73,"['Acetoacetyl coa', 'AC1Q5CFW', 'AC1L18F7', 'SCHEMBL4368632', 's-{1-[5-(6-amino-9h-purin-9-yl)-4-hydroxy-3-(phosphonooxy)tetrahydrofuran-2-yl]-3,5,9-trihydroxy-8,8-dimethyl-3,5-dioxido-10,14-dioxo-2,4,6-trioxa-11,15-diaza-3lambda~5~,5lambda~5~-diphosphaheptadecan-17-yl} 3-oxobutanethioate(non-preferred name)', 'S-[2-[3-[[4-[[[5-(6-aminopurin-9-yl)-4-hydroxy-3-phosphonooxyoxolan-2-yl]methoxy-hydroxyphosphoryl]oxy-hydroxyphosphoryl]oxy-2-hydroxy-3,3-dimethylbutanoyl]amino]propanoylamino]ethyl] 3-oxobutanethioate']",CC(=O)CC(=O)SCCNC(=O)CCNC(=O)C(C(C)(C)COP(=O)(O)OP(=O)(O)OCC1C(C(C(O1)N2C=NC3=C2N=CN=C3N)O)OP(=O)(O)O)O,-5.8
74,"['3-Aminopropanal', '3-Aminopropionaldehyde', '352-92-1', 'Propanal, 3-amino-', 'beta-Aminopropion aldehyde', 'UNII-ML707Y407U', 'ML707Y407U', 'omega-aminoaldehydes', 'AC1Q6QLH', 'ACMC-1CRJ2', 'AC1L18FA', 'Propanal, 3-amino-(9CI)', 'CHEBI:18090', 'CHEBI:27390', 'CTK4H4191', 'DTXSID10188702', 'PCXDJQZLDDHMGX-UHFFFAOYSA-N', 'ANW-34363', 'AKOS006341697', 'TC-123108', 'C05665']",C(CN)C=O,-1.3
75,"['3-Hydroxyandrost-5-en-17-one', 'Diandron, 17-Hormoforin', 'Dehydroepiandrosterone(DHEA)', '3-|A-hydroxy-5-androsten-17-one', 'Spectrum_000661', 'SpecPlus_000094', 'Androst-5-en-17-one, 3-hydroxy-, (3.beta.)-', 'Spectrum2_000359', 'Spectrum3_000116', 'Spectrum4_001395', 'Spectrum5_000130', 'AC1L18FD', 'KBioGR_001750', 'KBioSS_001141', 'CHEMBL31399', 'DivK1c_006190', 'SPBio_000457', 'SCHEMBL9969169', 'CHEBI:95212', 'KBio1_001134', 'KBio2_001141', 'KBio2_003709', 'KBio2_006277', 'KBio3_000872', 'ALBB-023670', 'Androst-5-en-17-one, 3-hydroxy-', 'CCG-38634', 'AKOS015998159', 'SMP2_000186', 'FT-0700560', 'I06-0151', '5-hydroxy-2,15-dimethyltetracyclo[8.7.0.0(2),.0(1)(1),(1)]heptadec-7-en-14-one', '3-hydroxy-10,13-dimethyl-1,2,3,4,7,8,9,11,12,14,15,16-dodecahydrocyclopenta[a]phenanthren-17-one']",CC12CCC3C(C1CCC2=O)CC=C4C3(CCC(C4)O)C,3.2
76,"['2-Isopropylmalic acid', '2-hydroxy-2-isopropylsuccinic acid', '3237-44-3', 'alpha-isopropylmalate', 'alpha-isopropylmalic acid', '3-carboxy-3-hydroxyisocaproic acid', '2-Hydroxy-2-(1-methylethyl)butanedioic acid', 'BITYXLXUCSKTJS-UHFFFAOYSA-N', '2-hydroxy-2-(propan-2-yl)butanedioic acid', '3-carboxy-3-hydroxy-4-methylpentanoic acid', 'butanedioic acid, 2-hydroxy-2-(1-methylethyl)', '3-hydroxy-4-methyl-3-carboxypentanoate', '3-carboxy-3-hydroxy-4-methylpentanoate', 'isopropylmalic acid', 'AC1Q5SNJ', 'ACMC-1BNF9', 'bmse000982', 'bmse001025', 'Malic acid, 2-isopropyl-', 'AC1L18FG', 'SCHEMBL59972', '2-Isopropylmalic acid, 98%', 'CHEBI:28635', 'CTK4G8599', '2-hydroxy-2-propan-2-ylbutanedioic acid', 'beta-hydroxy-beta-carboxy-isocaproic acid', 'TC-170504', 'Butanedioic acid,2-hydroxy-2-(1-methylethyl)-', 'Butanedioic acid, 2-hydroxy-2-(1-methylethyl)-', 'J-018719', 'CD7B7575-5C65-4347-9BAC-D899775FC34D']",CC(C)C(CC(=O)O)(C(=O)O)O,-0.2
77,"['3-Chloroalanine', '2-amino-3-chloropropanoic acid', 'DL-3-Chloroalanine', 'beta-chloro-DL-alanine', '3981-36-0', '3-CHLORO-DL-ALANINE', '13215-35-5', 'beta-Chloroalanine', 'N-Chloroalanine', 'D-Alanine, 3-chloro-', '(S)-2-Amino-3-chloropropionic Acid', 'AK122809', 'b-chloro-dl-alanine', 'AC1Q3TUM', '.beta.-Chloro-D-alanine', 'ACMC-20a5m2', 'AC1L18FJ', 'SCHEMBL890419', 'CHEBI:88164', 'CTK8G8099', 'ASBJGPTTYPEMLP-UHFFFAOYSA-N', 'alanine, 3-chloro-, hydrochloride', 'alpha-Amino-beta-chlor-propionsaure', 'ALBB-018637', 'ZX-AN034362', 'FCH831496', 'NSC337715', 'AKOS006228265', 'MCULE-3020306643', 'NSC-337715', 'SY034145', 'SY034148', '4CH-019265', 'MFCD00046536 (95%)', 'MFCD01632068 (95%)']",C(C(C(=O)O)N)Cl,-2.8
78,"['3-cyanopyridine', 'Nicotinonitrile', '100-54-9', '3-PYRIDINECARBONITRILE', 'pyridine-3-carbonitrile', 'Nicotinic acid nitrile', '3-Pyridinenitrile', '3-Pyridylcarbonitrile', '3-Azabenzonitrile', '3-Cyjanopirydyna', 'Nitryl kwasu nikotynowego', '3-Cyjanopirydyna [Polish]', 'NSC 17558', 'UNII-X64V0K6260', 'HSDB 5335', '3-Pyridinecarboxylic acid, nitrile', 'Nitryl kwasu nikotynowego [Polish]', 'EINECS 202-863-0', 'BRN 0107711', 'AI3-15766', 'CHEBI:86556', 'GZPHSAQLYPIAIN-UHFFFAOYSA-N', 'MFCD00006372', 'X64V0K6260', '3-Cyanopyridine, 98%', 'DSSTox_CID_6665', 'DSSTox_RID_78179', 'DSSTox_GSID_26665', 'CAS-100-54-9', '3-cyano pyridine', '3-Pyridyl cyanide', 'PncA Inhibitor, 5', 'Pyridine, 3-cyano-', 'PubChem11233', 'ACMC-1CADF', 'bmse000622', 'EC 202-863-0', 'AC1L18FM', 'SCHEMBL28776', '5-22-02-00115 (Beilstein Handbook Reference)', 'KSC177Q9F', 'Nicotinamidase Inhibitor, 23', '3-Pyridinecarbonitrile, 98%', 'ARONIS25344', 'AC1Q4R47', 'Jsp000139', 'CHEMBL3181972', 'DTXSID1026665', 'BDBM92856', 'CTK0H7892', 'ZINC331637', 'NSC17558', 'Tox21_201669', 'Tox21_300354', 'ANW-14315', 'BBL037217', 'NSC-17558', 'SBB007554', 'STK046164', 'AKOS000119616', 'AC-2424', 'AM81277', 'FG-0468', 'MCULE-9131126037', 'NE10440', 'RP17888', 'TRA0026145', 'TRA0047671', '3-Cyanopyridine; Nicotinic acid nitrile', 'NCGC00248004-01', 'NCGC00248004-02', 'NCGC00254450-01', 'NCGC00259218-01', 'AJ-19439', 'AK-76753', 'AN-14003', 'CJ-02793', 'LS-96645', 'SC-22775', 'TL806372', 'ZB010567', 'AB1001139', 'DB-023674', 'RT-000670', 'ST2407501', 'CS-0003918', 'FT-0615558', 'ST45054138', '144170-EP2270505A1', '144170-EP2287165A2', '144170-EP2287166A2', '144170-EP2292620A2', 'AC-907/25014098', 'I02-0325', 'W-108955', 'Z57899719', 'F2108-0102', '6C16C9E3-90DC-4565-9F55-F6CC5D13CC33', 'InChI=1/C6H4N2/c7-4-6-2-1-3-8-5-6/h1-3,5']",C1=CC(=CN=C1)C#N,0.2
79,"['4,5-dihydroxy-3-oxocyclohex-1-ene-1-carboxylic acid', '4,5-dihydroxy-3-oxocyclohexene-1-carboxylic acid', 'AC1Q6BTB', 'AC1L18FP', 'SCHEMBL799755', '1-Cyclohexene-1-carboxylic acid, 4,5-dihydroxy-3-oxo-, (4S,5R)-', 'CTK8D5244', 'SLWWJZMPHJJOPH-UHFFFAOYSA-N']",C1C(C(C(=O)C=C1C(=O)O)O)O,-1.4
80,"['3-deoxy-7-o-phosphonohept-2-ulosonic acid', 'AC1L18FS', 'AC1Q6S7D', 'SCHEMBL2619139', '4,5,6-trihydroxy-2-oxo-7-phosphonooxyheptanoic acid']",C(C(C(C(COP(=O)(O)O)O)O)O)C(=O)C(=O)O,-4.0
81,"['27840-48-8', '5-Epsp', '5-Enolpyruvoylshikimate-3-phosphate', 'AC1Q5QFU', 'ACMC-20lq98', 'AC1L18FV', 'SCHEMBL850802', 'CTK1A2651', '5-Enolpyruvoylshikimic acid 3-phosphate', '1-Cyclohexene-1-carboxylic acid, 5-((1-carboxyethenyl)oxy)-4-hydroxy-3-(phosphonooxy)-', '1-Cyclohexene-1-carboxylicacid, 5-[(1-carboxyethenyl)oxy]-4-hydroxy-3-(phosphonooxy)-', '4-hydroxy-5-(3-hydroxy-3-oxoprop-1-en-2-yl)oxy-3-phosphonooxycyclohexene-1-carboxylic acid']",C=C(C(=O)O)OC1CC(=CC(C1O)OP(=O)(O)O)C(=O)O,-1.8
82,['3-Phosphonylpyruvic acid'],C(C(=O)C(=O)O)P(=O)O,-1.7
83,"['3-Hydroxy-3-methylglutaryl-CoA', 'AC1L18FY', 'SCHEMBL4358590', '3-Hydroxy-3-methylglutaryl CoA', 'CABVTRNMFUVUDM-UHFFFAOYSA-N', 'DL-3-Hydroxy-3-methylglutaryl coenzyme A', '174531-EP2284158A1', 'Coenzyme A, S-(hydrogen 3-hydroxy-3-methylglutarate)', 'Coenzyme A, S-(hydrogen 3-hydroxy-3-methylpentanedioate)', '5-[2-[3-[[4-[[[5-(6-aminopurin-9-yl)-4-hydroxy-3-phosphonooxyoxolan-2-yl]methoxy-hydroxyphosphoryl]oxy-hydroxyphosphoryl]oxy-2-hydroxy-3,3-dimethylbutanoyl]amino]propanoylamino]ethylsulfanyl]-3-hydroxy-3-methyl-5-oxopentanoic acid']",CC(C)(COP(=O)(O)OP(=O)(O)OCC1C(C(C(O1)N2C=NC3=C2N=CN=C3N)O)OP(=O)(O)O)C(C(=O)NCCC(=O)NCCSC(=O)CC(C)(CC(=O)O)O)O,-6.6
84,"['CHEBI:3424', '461-05-2', 'DL-CARNITINE HCL', '3-carboxy-2-hydroxy-N,N,N-trimethylpropan-1-aminium', 'Carnitinum [INN-Latin]', 'Carnitina [INN-Spanish]', '3-carboxy-2-hydroxy-N,N,N-trimethylpropan-1-aminium chloride', 'CARNITINE (dl) HYDROCHLORIDE', 'gamma-Trimethyl-hydroxybutyrobetaine', '(3-carboxy-2-hydroxy-propyl)-trimethyl-ammonium', '3-hydroxy-4-trimethylammoniobutanoate', 'carnitinium', 'L(-)-Carnitine hydrochloride', '(3-Carboxy-2-hydroxypropyl)trimethylammonium hydroxide inner salt', 'Spectrum_000067', 'AC1Q5VDM', 'Spectrum2_000009', 'Spectrum3_000576', 'Spectrum4_000388', 'Spectrum5_001473', 'bmse000074', 'bmse000949', 'BSPBio_001992', 'KBioGR_000915', 'KBioSS_000467', 'DivK1c_000470', 'SCHEMBL374454', 'SPBio_000017', 'AC1L18G1', 'PRO123', 'CHEMBL1620698', 'KBio1_000470', 'KBio2_000467', 'KBio2_003035', 'KBio2_005603', 'KBio3_001492', 'NINDS_000470', 'ALBB-022446', 'STL426849', 'AKOS015960448', '3-Hydroxy-4-(trimethylaminio)butanoate', 'SDCCGMLS-0066567.P001', 'IDI1_000470', 'NCGC00178874-01', 'AN-44806', 'AN-45077', '3-hydroxy-4-(trimethylamino)butanoic acid', 'SBI-0051562.P002', '3-hydroxy-4-(trimethylammonio)butanoic acid', 'AB0106417', 'Trimethyl(2-hydroxy-3-carboxypropyl)aminium', '(2,4-dihydroxy-4-oxobutyl)-trimethylazanium', 'R1228', 'ST45026077', 'C00487', 'AB00053811_07', 'AB00053811_08', '406C768', '1-Propanaminium, 3-carboxy-2-hydroxy-N,N,N-trimethyl-']",C[N+](C)(C)CC(CC(=O)O)O,-0.8
85,"['2-Amino-3-hydroxybenzoic acid', '3-Hydroxyanthranilic acid', '548-93-6', '3-Oxyanthranilic acid', '2-AMINO-3-HYDROXY-BENZOIC ACID', '3-Hydroxy anthranilic acid', '3-Hydroxy-anthranilsaeure', '3-Ohaa', 'Anthranilic acid, 3-hydroxy-', 'Benzoic acid, 2-amino-3-hydroxy-', '3-hydroxyanthranilate', '3-Hydroxy-anthranilsaeure [German]', '3-oh-anthranilic acid', 'UNII-1UQB1BT4OT', 'CCRIS 4427', '3-hydroxy-anthranilate', 'HSDB 4040', 'EINECS 208-962-5', '1UQB1BT4OT', 'NSC 522891', 'BRN 0973356', 'AI3-52837', 'CHEBI:15793', '3-Hydroxyanthranilic acid, 97%', 'WJXSWCUQABXPFS-UHFFFAOYSA-N', 'Anthranilic acid, 3-hydroxy- (8CI)', '3HA', '3-HYDROXYANTHRANILICACID', '3-Oxyanthranilate', '3-hydroxanthranilate', 'PubChem22539', '1u1w', '3-hydroxyantranilic acid', 'AC1Q1GXD', 'WLN: ZR BQ FVQ', '3-Hydroxy-2-aminobenzoate', '3-hydroxy-Anthranilic acid', 'ACMC-209lk1', 'bmse000321', '2-amino-3-hydroxy-Benzoate', 'Oprea1_735317', 'SCHEMBL88229', 'Amino-3-hydroxy benzoic acid', '4-14-00-02071 (Beilstein Handbook Reference)', 'MLS001066415', '3-Hydroxy-2-aminobenzoic acid', 'AC1L18G4', 'CHEMBL445304', '2-Amino-3-hydroxybenzoic acid|', 'ACon1_002137', 'CTK8B1882', 'DTXSID40203290', 'Benzoic acid,2-amino-3-hydroxy-', 'HMS2231F22', 'HMS3373P15', 'ZINC388292', 'ALBB-024973', 'KS-000016PJ', 'ANW-32207', 'BBL002077', 'MFCD00007700', 'NSC522891', 'SBB072170', 'STK894860', 'AKOS015856349', 'CS-W001171', 'DB03644', 'GS-4375', 'HY-W001171', 'MCULE-1178445402', 'NSC-522891', 'VZ23574', 'NCGC00179794-01', 'AC-23861', 'AJ-20533', 'AK-35611', 'BR-35611', 'LS-35871', 'SC-21695', 'SMR000471838', 'SY030553', 'AB0025437', 'AB1006400', 'DB-023057', 'ST2416355', 'TR-032898', '4CH-014271', 'A0316', 'AM20060669', 'FT-0615802', 'R1252', 'ST45027624', 'W6902', 'MFCD00007700 (97%)', 'C00632', 'S-2628', '23339-EP2314584A1', 'Benzoic acid, 2-amino-3-hydroxy-, hydrochloride', '548A936', 'I01-7813', '6B30EFED-FCCC-46EA-A7A4-40DDB1804913', 'BRD-K27265817-001-01-4', 'I01-17768', 'InChI=1/C7H7NO3/c8-6-4(7(10)11)2-1-3-5(6)9/h1-3,9H,8H2,(H,10,11']",C1=CC(=C(C(=C1)O)N)C(=O)O,0.9
86,"['3-Hydroxyisobutyric acid', '3-Hydroxy-2-methylpropanoic acid', '2068-83-9', 'rac 3-Hydroxyisobutyric Acid', 'propanoic acid, 3-hydroxy-2-methyl-', '3-hydroxy-2-isobutyrate', '3-Hydroxyisobutyrate', 'AC1Q5RQW', 'beta-hydroxyisobutyric acid', 'SCHEMBL61073', '3-Hydroxy-2-isobutyric acid', 'AC1L18G7', 'AC1Q2B37', 'CHEBI:18064', 'CTK1A2390', '(R)-2-Hydroxymethylpropanoicacid', '3-hydroxy-2-methylpropionic acid', 'DBXBTMSZEOQQDU-UHFFFAOYSA-N', '3-hydroxy-2-methyl-propanoic acid', 'MFCD11975300', 'AKOS008135403', 'MCULE-2772009804', 'AN-50087', 'BS-12723', 'HY-113126', 'CS-0059643', 'FT-0669691', 'EN300-55072', 'C01188', '23043-EP2314591A1', 'J-013525']",CC(CO)C(=O)O,-0.4
87,"['(S)-3-Hydroxyisobutyryl-CoA', '3-Hydroxyisobutyryl-CoA', '3-hydroxy-isobutyryl-CoA', 'AC1L18GA', '3-hydroxyisobutyryl-Coenzyme A', 'AC1Q68Z8', '3-hydroxy-isobutyryl-coenzyme A', 'SCHEMBL17772881', 'CTK8I1749', '3-Hydroxy-2-methylpropanoyl-Coenzyme A', '3-Hydroxy-2-methylpropionyl-Coenzyme A', 'S-[2-[3-[[4-[[[5-(6-aminopurin-9-yl)-4-hydroxy-3-phosphonooxyoxolan-2-yl]methoxy-hydroxyphosphoryl]oxy-hydroxyphosphoryl]oxy-2-hydroxy-3,3-dimethylbutanoyl]amino]propanoylamino]ethyl] 3-hydroxy-2-methylpropanethioate']",CC(CO)C(=O)SCCNC(=O)CCNC(=O)C(C(C)(C)COP(=O)(O)OP(=O)(O)OCC1C(C(C(O1)N2C=NC3=C2N=CN=C3N)O)OP(=O)(O)O)O,-5.8
88,"['3-Hydroxykynurenine', '3-Hydroxy-dl-kynurenine', 'Hydroxykynurenine', '2147-61-7', '484-78-6', '2-amino-4-(2-amino-3-hydroxyphenyl)-4-oxobutanoic acid', 'DL-3-Hydroxykyunrenine', 'Kynurenine, 3-hydroxy-', '3-(3-Hydroxyanthraniloyl)alanine', 'dl-3-Hydroxykynurenine', 'CCRIS 4426', '3-(3-hydroxyanthraniloyl)-alanine', 'NSC 96400', 'CHEBI:1547', 'Kynurenine, 3-hydroxy (R,S)', 'ALANINE, 3-(3-HYDROXYANTHRANILOYL)-', '3-hydroxy-kynurenine', 'Hydroxykinurenine', 'OH-Kynurenine', 'Prestwick_659', 'Prestwick0_000451', 'Prestwick1_000451', 'Prestwick2_000451', 'Prestwick3_000451', 'AC1L18GD', 'AC1Q5S3Q', 'WLN: ZR BQ FV1YZVQ', 'BSPBio_000522', 'SCHEMBL180582', 'SPBio_002461', 'BPBio1_000576', 'CHEMBL442576', 'BCBcMAP01_000037', 'CTK4J0834', 'VCKPUUFAIGNJHC-UHFFFAOYSA-N', 'HMS1569K04', 'NSC96400', 'ANW-43661', 'MFCD00047832', 'NSC-96400', '3-(2-amino-3-hydroxybenzoyl)alanine', 'AKOS016004491', 'VC30850', 'SMP1_000159', 'NCGC00179533-01', 'AN-25063', 'LS-16128', 'AX8011997', 'TR-010086', 'FT-0634065', 'C02794', 'A815406', 'Benzenebutanoic acid, a,2-diamino-3-hydroxy-g-oxo-', 'J-014094', 'alpha,2-Diamino-3-hydroxy-beta-oxobenzenebutanoic acid', 'Benzenebutanoic acid,2-diamino-3-hydroxy-.gamma.-oxo-', 'alpha,2-Diamino-3-hydroxy- gamma-oxobenzenebutanoic acid', '2-amino-4-(2-amino-3-hydroxy-phenyl)-4-oxo-butanoic acid', 'Benzenebutanoic acid, alpha,2-diamino-3-hydroxy-gamma-oxo-', '.alpha.,2-Diamino-3-hydroxy-.gamma.-oxobenzenebutanoic acid', 'Benzenebutanoic acid, alpha,2-diamino-3-hydroxy-gamma-oxo- (9CI)', '2-azanyl-4-(2-azanyl-3-oxidanyl-phenyl)-4-oxidanylidene-butanoic acid']",C1=CC(=C(C(=C1)O)N)C(=O)CC(C(=O)O)N,-2.5
89,"['AC1L18GG', '6-[2-[3-[[4-[[[5-(6-aminopurin-9-yl)-4-hydroxy-3-phosphonooxyoxolan-2-yl]methoxy-hydroxyphosphoryl]oxy-hydroxyphosphoryl]oxy-2-hydroxy-3,3-dimethylbutanoyl]amino]propanoylamino]ethylsulfanyl]-4-hydroxy-6-oxohexanoic acid']",CC(C)(COP(=O)(O)OP(=O)(O)OCC1C(C(C(O1)N2C=NC3=C2N=CN=C3N)O)OP(=O)(O)O)C(C(=O)NCCC(=O)NCCSC(=O)CC(CCC(=O)O)O)O,-6.5
90,"['3-(3-hydroxyphenyl)propanoic acid', '621-54-5', '3-(3-hydroxyphenyl)propionic acid', 'Dihydro-3-coumaric acid', 'Benzenepropanoic acid, 3-hydroxy-', '3-(m-Hydroxyphenyl)propionic acid', '3-Hydroxybenzenepropanoic acid', '3-hydroxyhydrocinnamic acid', 'm-hydroxyphenylpropionic acid', '3-Hydroxyphenylpropionic acid', 'beta-(m-Hydroxyphenyl)propionic acid', 'HYDROCINNAMIC ACID, m-HYDROXY-', 'UNII-FJ68OF1P7C', 'm-hydroxy-hydrocinnamic acid', 'beta-(3-Hydroxyphenyl)propionic acid', 'NSC 33135', 'NSC 39468', 'm-hydrocoumaric acid', 'Dihydro-m-coumaric acid', '3-Hydroxyphenylpropanoate', 'EINECS 210-692-8', 'MFCD00016554', '3-(3-hydroxy-phenyl)-propionic acid', '.beta.-(m-Hydroxyphenyl)propionic acid', 'BRN 1947445', 'FJ68OF1P7C', 'AI3-32395', '3-hydroxy-benzenepropanoic acid', 'CHEBI:1427', 'QVWAEZJXDYOKEH-UHFFFAOYSA-N', ""3-(3'-hydroxyphenyl)propionic acid"", '3-(3-hydroxyphenyl)-propionic acid', '3-(3-Hydroxy-phenyl)-propanoic acid', '.beta.-(3-Hydroxyphenyl)propionic acid', 'm-hydroxyphenylpropionate', 'Dihydro-m-coumarate', 'Hydro-m-coumaric acid', 'm-hydroxy-Hydrocinnamate', 'ACMC-1BCXL', '3-Hydroxydihydrocinnamate', '3-Hydroxyphenylpropionate', 'AC1Q5VVU', '3-Hydroxybenzenepropanoate', 'AC1L18GJ', 'SCHEMBL65250', '3-Hydroxydihydrocinnamic acid', '4-10-00-00630 (Beilstein Handbook Reference)', 'b-(m-Hydroxyphenyl)propionate', 'KSC495A2J', '3-(m-Hydroxyphenyl)propionate', 'b-(3-Hydroxyphenyl)propionate', 'CHEMBL134401', 'beta-(m-Hydroxyphenyl)propionate', 'beta-(3-Hydroxyphenyl)propionate', 'CTK3J5024', '3-(3-Hydroxyphenyl)propionicacid', 'DTXSID00211154', '3-(3-Hydroxy-phenyl)-propanoate', 'b-(m-Hydroxyphenyl)propionic acid', 'b-(3-Hydroxyphenyl)propionic acid', 'ZINC156346', 'ACT02962', 'KS-000002GL', 'NSC33135', 'NSC39468', 'ANW-46403', 'NSC-33135', 'NSC-39468', 'SBB057915', 'AKOS000172844', 'CS-W005255', 'DS-1833', 'MCULE-1658802071', 'RTC-066381', 'TRA0008490', 'AJ-13774', 'AK-86241', 'BC687786', 'Benzenepropanoic acid, 3-hydroxy- (9CI)', 'LS-77203', 'SC-13620', 'ST092342', 'SY022016', 'AB0011951', 'DB-021630', 'ST2410351', 'TC-066381', 'AM20040880', 'FT-0602143', 'C11457', 'M-2911', 'MFCD00016554 (97+%)', 'AN-651/40987637', 'I14-5761', '3-(3-Hydroxyphenyl)propionic acid, >=98.0% (qNMR)', 'F2119-0005', 'Z1741963250', 'InChI=1/C9H10O3/c10-8-3-1-2-7(6-8)4-5-9(11)12/h1-3,6,10H,4-5H2,(H,11,12']",C1=CC(=CC(=C1)O)CCC(=O)O,1.4
91,"['(3R)-Hydroxyquinidine', '(3R)-3-Hydroxy Quinine', '(3S)-3-Hydroxy Quinidine', '(-)-(3S)-3-Hydroxy Quinine', '53467-23-5', 'AC1L18GM', '128241-59-8', '60761-51-5', '5-ethenyl-2-[hydroxy-(6-methoxyquinolin-4-yl)methyl]-1-azabicyclo[2.2.2]octan-5-ol']",COC1=CC2=C(C=CN=C2C=C1)C(C3CC4CCN3CC4(C=C)O)O,1.8
92,"['3-Oxoadipic acid', 'BETA-KETOADIPIC ACID', 'beta-ketoadipate', '3-oxohexanedioic acid', 'beta-Oxoadipic acid', '689-31-6', 'b-oxoadipic acid', '3-oxo-adipic acid', 'UNII-1379JRA56F', '3-ketoadipate', '3-keto-adipate', '3-oxo-hexanedioic acid', 'Hexanedioic acid, 3-oxo-', '1379JRA56F', '3-Ketoadipic', 'beta-Oxoadipate', 'b-Ketoadipate', 'b-Oxoadipate', 'b-Ketoadipic acid', '3-Ketoadipic acid', 'NSC 18511', '.beta.-Ketoadipic acid', 'AC1L18GP', 'AC1Q5GV8', 'SCHEMBL218098', 'CHEBI:37440', 'DTXSID30218974', 'RTGHRDFWYQHVFW-UHFFFAOYSA-N', 'NSC18511', 'ZINC1532761', 'LMFA01170096', 'NSC-18511', 'FT-0616295', 'C00846']",C(CC(=O)O)C(=O)CC(=O)O,-0.9
93,"['AC1L18GS', '6-[2-[3-[[4-[[[5-(6-aminopurin-9-yl)-4-hydroxy-3-phosphonooxyoxolan-2-yl]methoxy-hydroxyphosphoryl]oxy-hydroxyphosphoryl]oxy-2-hydroxy-3,3-dimethylbutanoyl]amino]propanoylamino]ethylsulfanyl]-4,6-dioxohexanoic acid']",CC(C)(COP(=O)(O)OP(=O)(O)OCC1C(C(C(O1)N2C=NC3=C2N=CN=C3N)O)OP(=O)(O)O)C(C(=O)NCCC(=O)NCCSC(=O)CC(=O)CCC(=O)O)O,-6.4
94,"['AC1L18GV', 'SCHEMBL6755324', '2,4,5,6-tetrahydroxy-3-oxohexanoic acid']",C(C(C(C(=O)C(C(=O)O)O)O)O)O,-2.8
95,"['acetoacetic acid', '3-oxobutanoic acid', '541-50-4', '3-oxobutyric acid', 'acetoacetate', '3-ketobutyrate', 'diacetic acid', 'oxobutyrate', 'beta-ketobutyric acid', '3-oxo-butanoic acid', 'acetylacetic acid', '3-OXO-BUTYRIC ACID', 'UNII-4ZI204Y1MC', '3-Ketobutyric acid', 'Butanoic acid, 3-oxo-', '4ZI204Y1MC', 'CHEBI:15344', '3-oxobutanate', 'AAE', 'LIN', '4387-93-3', 'Acetoacitic acid', '3-Oxobutyrate', '3-ketobutanoic acid', 'QuadraPure&reg; AK', 'acetonecarboxylic acid', '2,4-Butanedione resin', 'AC1L18GY', 'SCHEMBL6620', 'AMOT0027', 'CHEMBL1230762', 'SCHEMBL13341499', 'CTK1D8521', 'DTXSID00202441', 'WDJHALXBUFZDSR-UHFFFAOYSA-N', 'ZINC895089', 'LMFA01060003', 'AKOS006241271', 'AM85395', 'DB01762', 'SC-69749', 'C00164', '14750-EP2277565A2', '14750-EP2277566A2', '14750-EP2277567A1', '14750-EP2277568A2', '14750-EP2277569A2', '14750-EP2277570A2', '14750-EP2292280A1', '14750-EP2292593A2', '14750-EP2295401A2', '14750-EP2308860A1', '14750-EP2316830A2', 'S04-0136', 'A6DBA337-E696-4022-A9F9-1757E3CDBFAE', 'QuadraPure(R) AK, 50-90 mesh, extent of labeling: 2.0-3.0 mmol/g loading, 1 % cross-linked with divinylbenzene']",CC(=O)CC(=O)O,-0.4
96,"['AC1L18H1', 'FT-0627967', '3,5-dihydroxy-2-(hydroxymethyl)-6-[4,5,6-trihydroxy-2-(hydroxymethyl)oxan-3-yl]oxyoxan-4-one']",C(C1C(C(C(C(O1)O)O)O)OC2C(C(=O)C(C(O2)CO)O)O)O,-4.3
97,"['3-mercaptopyruvic acid', '3-mercaptopyruvate', 'beta-mercaptopyruvate', 'mercaptopyruvate', '2-oxo-3-sulfanylpropanoic acid', '2464-23-5', 'beta-Thiopyruvic acid', '3-Mercapto-2-oxopropanoic acid', 'beta-Mercaptopyruvic acid', 'beta-thiopyruvate', 'UNII-5Z1F5OW4YB', 'Pyruvic acid, 3-mercapto-', 'Mercaptopyruvic acid', 'BRN 1747058', '5Z1F5OW4YB', 'thiopyruvate', 'propanoic acid, 3-mercapto-2-oxo-', '3-mercapto-pyruvic acid', '3-MERCAPTO-PYRUVATE', '4-03-00-01936 (Beilstein Handbook Reference)', 'SCHEMBL188201', 'AC1L18H3', 'GTPL5118', 'CHEBI:16208', 'CTK8H8070', 'beta-3-mercapto-2-oxo-propanoate', 'ZINC3869277', 'beta-3-mercapto-2-oxo-propanoic acid', 'AKOS006223734', 'Pyruvic acid, mercapto- (6CI,7CI,8CI)', 'LS-139797', 'Propanoic acid, 3-mercapto-2-oxo- (9CI)', 'FT-0696976', 'C00957']",C(C(=O)C(=O)O)S,0.0
98,"['3-methylcrotonyl-CoA', '3-Methylcrotonyl CoA', '.beta.-Methylcrotonyl CoA', 'AC1L18H6', 'SCHEMBL16018847', '.beta.-Methylcrotonyl coenzyme A', 'BXIPALATIYNHJN-UHFFFAOYSA-N', 'Coenzyme A, S-(3-methyl-2-butenoate)', 'S-[2-[3-[[4-[[[5-(6-aminopurin-9-yl)-4-hydroxy-3-phosphonooxyoxolan-2-yl]methoxy-hydroxyphosphoryl]oxy-hydroxyphosphoryl]oxy-2-hydroxy-3,3-dimethylbutanoyl]amino]propanoylamino]ethyl] 3-methylbut-2-enethioate']",CC(=CC(=O)SCCNC(=O)CCNC(=O)C(C(C)(C)COP(=O)(O)OP(=O)(O)OCC1C(C(C(O1)N2C=NC3=C2N=CN=C3N)O)OP(=O)(O)O)O)C,-4.2
99,"['AC1L18H9', '4-hydroxy-3-(3,7,11,15,19,23,27,31-octamethyldotriaconta-2,6,10,14,18,22,26,30-octaenyl)benzoic acid']",CC(=CCCC(=CCCC(=CCCC(=CCCC(=CCCC(=CCCC(=CCCC(=CCC1=C(C=CC(=C1)C(=O)O)O)C)C)C)C)C)C)C)C,16.0
